time,open,high,low,close
2018-07-02,418.6,420,412.9,417
2018-07-03,417,418.2,407.9,412.3
2018-07-04,410.6,415.7,410.3,413.1
2018-07-05,412,419.2,410.6,419.2
2018-07-06,417.5,420.1,415.1,418.6
2018-07-09,419.6,428,419,427.6
2018-07-10,427.6,432,421.4,422
2018-07-11,420.7,427.4,418.7,422.6
2018-07-12,421,422.7,410.2,417.9
2018-07-13,417.9,426,415.8,426
2018-07-16,426,429.5,414.4,420
2018-07-17,419.9,419.9,402,413.7
2018-07-18,415.7,423.9,413.1,418.9
2018-07-19,420.3,422,412,414.9
2018-07-20,413.6,418.1,407.7,407.7
2018-07-23,409.3,416.6,408.9,414.2
2018-07-24,418.5,430,414.1,429.2
2018-07-25,422.4,439,418.3,436.1
2018-07-26,436.1,443.7,434.5,443.7
2018-07-27,443,449.9,438.7,447.8
2018-07-30,440.1,445.3,433.4,441.6
2018-07-31,439.5,446.9,428.8,446.9
2018-08-01,444.8,444.8,434.8,435.5
2018-08-02,438,447,435.4,444.2
2018-08-03,444,447.8,421.1,435.9
2018-08-06,435.2,442.5,430.5,442.5
2018-08-07,442.3,448.5,439.8,448
2018-08-08,448.6,449,435,438.3
2018-08-09,438.3,445.7,435,445
2018-08-10,419.9,432.3,402.1,421.4
2018-08-13,423.2,424.7,410.3,416.5
2018-08-14,420,423,413,422
2018-08-15,424.4,424.4,403.3,414.6
2018-08-16,416.6,419.9,409.1,411.6
2018-08-17,413.2,413.2,400.6,405.5
2018-08-20,409.6,424,409.6,420.8
2018-08-21,417.7,424.6,415,419
2018-08-22,419.7,426.9,416.7,426.8
2018-08-23,426.8,430.4,423.1,425.5
2018-08-24,425,439.7,418,439.3
2018-08-27,435,443.8,430.6,439.8
2018-08-28,440,443,429,433.7
2018-08-29,433,436.8,419.1,424.1
2018-08-30,425,426.6,411.3,414.9
2018-08-31,415.5,437.5,411.1,437.3
2018-09-03,435.4,440.8,434,436.7
2018-09-04,433.2,440,426.6,435
2018-09-05,429.1,434.9,427.8,428.9
2018-09-06,428.9,442.5,427,436.1
2018-09-07,435.8,437.3,426.6,430.8
2018-09-10,431,439,428.1,433.6
2018-09-11,433.1,437,429.6,435
2018-09-12,434.5,437.6,415,429.9
2018-09-13,430,432.6,420.2,423.3
2018-09-14,423.8,424,410,414.5
2018-09-17,415.6,416.6,405.4,410.5
2018-09-18,411,418,408.2,411
2018-09-19,412.7,413.2,407.7,408.9
2018-09-20,410,415.2,407.5,407.5
2018-09-21,407.7,412.9,407,412.2
2018-09-24,412.4,416.5,405.5,406
2018-09-25,407.9,408.5,405.3,405.3
2018-09-26,406.6,409.2,392.8,404.8
2018-09-27,405,409.4,401.4,409.4
2018-09-28,409,412.8,403.3,412.8
2018-10-01,410.7,412.9,407.2,409
2018-10-02,409.4,415.7,407.1,414.5
2018-10-03,415,423.6,414.9,418
2018-10-04,416.7,419.7,413.6,417
2018-10-05,417,419.4,411.1,415
2018-10-08,419.2,420.5,415.2,415.2
2018-10-09,414.2,418,413.1,414
2018-10-10,415,418,409,411
2018-10-11,408.5,424.9,406,422.2
2018-10-12,422.5,428.8,415.3,424
2018-10-15,420.6,425,420.4,420.4
2018-10-16,423.5,435,423.4,431.6
2018-10-17,421.9,435,421.8,435
2018-10-18,435,435,426.8,431.4
2018-10-19,432.7,436.1,427,430
2018-10-22,430,431.5,420.5,421.3
2018-10-23,421.4,432.9,412.5,423.9
2018-10-24,425.2,427.6,416.5,416.5
2018-10-25,413,426.2,413,418
2018-10-26,412.7,418.7,408.7,413.7
2018-10-29,413.7,422,411.2,420
2018-10-30,417,419.4,409.9,409.9
2018-10-31,410.5,415.2,407.6,415.2
2018-11-01,413.7,415.5,411.1,414.85
2018-11-02,415,420.05,415,418.5
2018-11-06,418.4,423.35,417.5,421.4
2018-11-07,422.5,425.85,415.2,424.7
2018-11-08,425,426,419.55,426
2018-11-09,422.55,435.6,421.9,435.6
2018-11-12,431.2,437,431.2,433
2018-11-13,431.15,437,428.3,432.35
2018-11-14,434,440.95,430.45,440
2018-11-15,440,443,432.95,432.95
2018-11-16,436,437.75,429.5,429.5
2018-11-19,432.25,448.5,430.7,448
2018-11-20,448,448,437.7,445
2018-11-21,440.1,458.9,438.6,455
2018-11-22,455.05,477.7,451.9,468.9
2018-11-23,466,474.9,455.5,473.2
2018-11-26,468.6,477.7,445.15,475.2
2018-11-27,470.9,477.15,467.5,470
2018-11-28,464.7,474.4,463,468.85
2018-11-29,468.8,473.85,466.55,470.4
2018-11-30,466,482.75,466,482.75
2018-12-03,482.75,487.5,466,469.55
2018-12-04,472.65,475,468.05,471.5
2018-12-05,470.2,478.85,469,478
2018-12-06,476,481,471.5,477.5
2018-12-07,476.5,486.8,475.35,484.75
2018-12-10,484.95,502.5,483.45,502.45
2018-12-11,502.45,504.75,482.55,487.35
2018-12-12,484.4,493.45,477,487.8
2018-12-13,490.05,504.45,487.5,499.9
2018-12-14,499.9,507,492.25,499.15
2018-12-17,499.5,504.55,494.5,502.45
2018-12-18,500.55,508.8,487.5,505.3
2018-12-19,504.8,521.35,504.8,517.55
2018-12-20,521.5,527.5,498.05,516.7
2018-12-21,516.1,530,514.2,530
2018-12-24,529.45,539.9,525.6,530
2018-12-25,536,537.45,520.9,521.9
2018-12-26,527.6,527.6,512.25,520
2018-12-27,522.85,538,514.4,529.85
2018-12-28,530.7,541.05,530.7,539.2
2019-01-03,540,546.8,528.1,529.95
2019-01-04,532.55,534.9,525,528.65
2019-01-08,526,526,506,513.45
2019-01-09,512.15,527.5,512.15,527.5
2019-01-10,527,541.4,524.35,541.4
2019-01-11,539.05,541.6,532.5,541.6
2019-01-14,536.4,541.25,534,537.25
2019-01-15,537.55,540.9,536.5,536.5
2019-01-16,535.05,539.55,529,533.95
2019-01-17,537.3,544.2,531.45,540
2019-01-18,538,540.7,534,537
2019-01-21,535,539.1,532.4,533
2019-01-22,534.4,539.8,531.7,539.8
2019-01-23,540.15,543.75,536.5,540
2019-01-24,540.4,541.2,532.7,535.9
2019-01-25,536.9,539.5,533,539
2019-01-28,540.65,540.9,532.1,537.15
2019-01-29,534.3,560,534.3,555
2019-01-30,555,557.45,546.05,554.8
2019-01-31,556.95,567.8,548.2,549.4
2019-02-01,552.95,552.95,546.55,552.15
2019-02-04,550.8,553.2,547,549.05
2019-02-05,549.55,552.65,547.7,552.65
2019-02-06,552.5,555.5,546.85,553
2019-02-07,550.85,552.75,546.45,547.55
2019-02-08,548.8,552.25,538.05,544
2019-02-11,540,546.8,529.75,530
2019-02-12,530.6,537,527.85,530
2019-02-13,530.55,532.5,521.35,521.35
2019-02-14,520.25,535.9,514.8,532
2019-02-15,534,540.35,532.75,534.45
2019-02-18,535.95,544.95,530,543.05
2019-02-19,543.05,548.8,540,544.5
2019-02-20,546,547.8,540.55,544.5
2019-02-21,545.95,545.95,532.7,537
2019-02-22,536.95,539.8,529.75,536
2019-02-25,534.05,537.65,531.9,537.3
2019-02-26,536,548.9,533.4,544.5
2019-02-27,545,549.4,541.05,545
2019-02-28,540.9,547,534.2,547
2019-03-01,546,546,535,535.05
2019-03-04,535.05,537.2,509.2,509.2
2019-03-05,509.2,518.4,502,513.95
2019-03-06,512.4,529.65,512.4,520.55
2019-03-07,520.55,525.6,512.8,520
2019-03-11,522.05,528.25,517.65,523.5
2019-03-12,523.75,532.5,522.05,532.5
2019-03-13,532,544.5,529.2,544.45
2019-03-14,543,548.2,542,546.8
2019-03-15,548,549,534.35,534.35
2019-03-18,539.95,558.9,539,546.05
2019-03-19,549.2,549.6,543.3,549.3
2019-03-20,549.4,549.95,531.05,534.2
2019-03-21,536.4,548.5,536,539.4
2019-03-22,539.4,542,537.2,539.35
2019-03-25,539.6,539.6,525.75,526
2019-03-26,529.8,543.4,524.95,543.4
2019-03-27,541.35,543.35,537.95,541
2019-03-28,540.85,543.95,537.5,541.65
2019-03-29,541.2,543.95,535.7,543.7
2019-04-01,541.7,546,540,542.15
2019-04-02,541.1,548.5,540.5,548
2019-04-03,544.5,546.95,520.6,532
2019-04-04,523,525.7,508.15,510
2019-04-05,513.95,515.35,509.35,509.6
2019-04-08,513,515.35,511.1,514.1
2019-04-09,516.3,517.5,506.2,509.2
2019-04-10,509.15,509.15,497.2,499
2019-04-11,500,501.35,490.25,493
2019-04-12,493,498.6,491.5,495
2019-04-15,494.15,494.75,483.5,483.5
2019-04-16,484,495.4,484,492.2
2019-04-17,495.2,498.2,492.7,495
2019-04-18,493.3,498.2,493.05,498.2
2019-04-19,498.15,501.9,496.75,500
2019-04-22,501.5,505.5,498.25,504.9
2019-04-23,505,506.05,490.1,490.5
2019-04-24,491.45,497,490,496.5
2019-04-25,494.2,498.3,494,495.7
2019-04-26,497.85,507.35,494.45,506
2019-04-29,505.7,508.4,503.15,505.25
2019-04-30,505.1,509.4,503.75,503.75
2019-05-02,503.5,506.05,498.4,504
2019-05-03,503.5,508.5,501.35,505
2019-05-06,505,509.5,500.65,505.5
2019-05-07,503.5,508.55,502.1,503.3
2019-05-08,504.1,506.85,501.9,501.9
2019-05-10,502.1,505.7,498.15,499
2019-05-13,499.65,505,499.65,500.1
2019-05-14,504.25,504.4,500.4,501.8
2019-05-15,496.95,497.3,490.8,495
2019-05-16,496,497.6,492.45,493
2019-05-17,492.5,494,484.4,484.45
2019-05-20,487,487.4,476,477.3
2019-05-21,477.8,486.2,477.8,483.3
2019-05-22,483,491.55,482.35,490.6
2019-05-23,489.5,497.2,489.1,497.2
2019-05-24,497.5,500.15,494.3,498.5
2019-05-27,498.7,499.5,494.15,498.55
2019-05-28,498.7,501,495.6,497
2019-05-29,496.9,505.3,496.35,505.3
2019-05-30,506,508.3,503.65,507.5
2019-05-31,506.5,517.05,506.05,517.05
2019-06-03,517.95,524.95,517.5,524.4
2019-06-04,524.9,526.95,521.6,526.95
2019-06-05,527,532.8,526,532.3
2019-06-06,531.65,534.55,528,532.6
2019-06-07,532.2,546,530.5,546
2019-06-10,544,549.15,533.05,548.5
2019-06-11,547.8,557.6,546.45,557.6
2019-06-13,557.5,563.7,555.25,558
2019-06-14,560,574,558.5,572.1
2019-06-17,574.95,579.1,560,560
2019-06-18,561.8,572.95,561,564.6
2019-06-19,564.9,572.6,548.7,556
2019-06-20,565,569.2,561,563.85
2019-06-21,565.1,580.85,561.25,580.55
2019-06-24,580,597.35,574.75,593.1
2019-06-25,594.7,598.95,588.5,593.1
2019-06-26,591,596.45,582.55,589.6
2019-06-27,587.5,592.45,580.1,583.6
2019-06-28,585,586.95,576.45,582.8
2019-07-01,577.5,580.95,565,569.5
2019-07-02,567.45,584.8,567.45,584.8
2019-07-03,590.5,605.8,585.35,602.9
2019-07-04,603,611.45,595.8,610.85
2019-07-05,610.05,628.4,606.4,620
2019-07-08,621.7,626.95,618.85,622.5
2019-07-09,619.6,625.95,617.4,620.9
2019-07-10,626.55,635.75,615.05,629.3
2019-07-11,633.7,636.15,616.5,622.5
2019-07-12,620,640,613.25,631.6
2019-07-15,632.2,634.3,625.8,630
2019-07-16,628.3,639.7,628.3,637.15
2019-07-17,635.5,639.8,630.8,638.5
2019-07-18,639.3,643,633.35,641.3
2019-07-19,643,649.95,641.3,647.2
2019-07-22,652.25,655,645.05,647.6
2019-07-23,643,645.15,620.1,640
2019-07-24,640,642.7,631.55,641.6
2019-07-25,641.25,649,636.25,649
2019-07-26,648.5,649.5,634.15,641.25
2019-07-29,641.15,648.5,638,646.75
2019-07-30,648.75,650.1,645.15,650
2019-07-31,650,650,646,646
2019-08-01,643.3,646.55,637.45,643.1
2019-08-02,647.9,658.2,643.65,651
2019-08-05,655.95,689,654.75,684.45
2019-08-06,690,698.65,678.2,679.15
2019-08-07,684,697.95,682.75,694.4
2019-08-08,695,696.7,688.05,689.75
2019-08-09,693.25,703.55,691.15,701
2019-08-12,700.95,711.65,697.15,709
2019-08-13,719.4,719.95,688.6,702.4
2019-08-14,696,724.9,695.15,719.4
2019-08-15,722.2,730,716.1,725.4
2019-08-16,725.4,726.5,709.35,713
2019-08-19,713,725,706.8,720
2019-08-20,721.7,735,721.7,731.4
2019-08-21,733.5,734.05,718.85,724.4
2019-08-22,725.95,727,710,723.6
2019-08-23,725.2,730.8,718.15,728
2019-08-26,733.7,749,731.45,748.5
2019-08-27,750,762.35,745.2,757.4
2019-08-28,757.5,757.85,744.3,751
2019-08-29,753.5,760,750.85,752.4
2019-08-30,751.1,766.5,746.45,766.5
2019-09-02,767,767.2,755.05,760
2019-09-03,758.75,764.7,755.1,761.85
2019-09-04,762.8,763.85,750.65,757.35
2019-09-05,759.5,760,735.25,740
2019-09-06,739,752.5,652.7,747
2019-09-09,746.9,748,727.95,738.3
2019-09-10,732.5,737,725.8,730.1
2019-09-11,726,744.8,721.65,744
2019-09-12,740.65,750.75,738,750
2019-09-13,750.75,762.2,740,745.75
2019-09-16,745.75,780.9,743.45,763.6
2019-09-17,763.6,775,758.2,773.4
2019-09-18,776.75,780,772.05,778.45
2019-09-19,775.65,776.85,770.25,773.1
2019-09-20,774.85,779.9,766.1,777
2019-09-23,778.05,779.05,759.3,764
2019-09-24,764.9,773.7,764.75,772.05
2019-09-25,774.95,783.3,771.8,777.85
2019-09-26,778.6,779,768.4,777.5
2019-09-27,777.3,779.25,750,756.15
2019-09-30,765.2,765.2,742.65,754.5
2019-10-01,750.2,758.1,741.25,754.9
2019-10-02,754.4,759.4,745.1,745.2
2019-10-03,751.3,753.85,742.1,747.75
2019-10-04,750.95,757,746.25,752.5
2019-10-07,753.8,756.4,747.3,751.5
2019-10-08,750,773.9,748.35,768
2019-10-09,754.15,763.1,754,757.55
2019-10-10,758,758.5,748.25,753.05
2019-10-11,751,751.1,722.4,726
2019-10-14,730,731.75,711.6,715.9
2019-10-15,716.05,730,702.6,711.1
2019-10-16,711.1,733.1,709.75,728.65
2019-10-17,728.7,734.45,710,721
2019-10-18,724,740,717.1,740
2019-10-21,739.75,740.9,715.6,721.3
2019-10-22,721.45,728.9,708.6,713
2019-10-23,716,723,711.2,716
2019-10-24,715,730,711.8,727.65
2019-10-25,729.4,730.45,716.4,725.9
2019-10-28,723,749.35,721.45,730.1
2019-10-29,730,739.85,724.65,729.7
2019-10-30,730.55,735.4,717,735.4
2019-10-31,736,764.15,734.65,746.9
2019-11-01,747,762.1,740,740
2019-11-05,747.4,756.8,732.5,737.7
2019-11-06,735.9,761.6,735.9,761.6
2019-11-07,759.95,761.65,740.2,741.5
2019-11-08,734.75,741.75,714,719.5
2019-11-11,719.7,731.9,715.8,718.5
2019-11-12,719,721,700.35,704.75
2019-11-13,706.8,716.95,706,713.7
2019-11-14,714.5,717,704,709.3
2019-11-15,709.2,710,700.5,708.4
2019-11-18,705.05,707.85,693,705.25
2019-11-19,705,706,695.7,698.35
2019-11-20,699.5,713.5,698.6,704.05
2019-11-21,701.8,704.9,681.45,683.2
2019-11-22,687,692.75,683.55,692.75
2019-11-25,692.45,692.5,678,679.2
2019-11-26,678,679,666.6,672.85
2019-11-27,670.5,687.55,670.35,682.2
2019-11-28,679,689.9,677.05,684.05
2019-11-29,683.85,689.5,682.15,689.1
2019-12-02,688.2,694.95,687.45,688.5
2019-12-03,687,701.5,682.8,699.6
2019-12-04,700,704.75,693.35,693.35
2019-12-05,693.55,699,683.3,689.4
2019-12-06,687,694.55,672.5,675.8
2019-12-09,676,682.25,672,679.2
2019-12-10,679.2,685.2,674.05,684.25
2019-12-11,684.2,718.95,679.6,714.25
2019-12-12,715.95,726.5,708,709.5
2019-12-13,704.95,712.8,695.75,698.7
2019-12-16,702.3,706.5,698.65,700
2019-12-17,702.45,707,686.6,694.1
2019-12-18,693.2,698.05,688.95,695.9
2019-12-19,695.2,697.4,685,685.5
2019-12-20,687.95,690.75,677.15,677.15
2019-12-23,678.95,694.15,678.05,686.8
2019-12-24,690,696.75,689.2,694.05
2019-12-25,697,698.9,693.7,697.65
2019-12-26,699,714,696.5,714
2019-12-27,711.05,717.5,710.1,714.5
2019-12-30,712.3,717,702.5,710.35
2020-01-03,717.7,728.6,715.75,728.6
2020-01-06,737,752.5,735.95,742.15
2020-01-08,753,760,745.65,746.8
2020-01-09,743.5,743.5,724,732.6
2020-01-10,732.9,732.9,718.5,722
2020-01-13,719.5,735.75,716.2,735.75
2020-01-14,732.85,748.4,727.5,739.1
2020-01-15,740.7,743.5,732.1,742.15
2020-01-16,742.15,746.2,733.5,737.9
2020-01-17,737.8,745.25,735.25,736
2020-01-20,740.05,740.05,735.4,738.5
2020-01-21,742,747.5,730.2,737.45
2020-01-22,737.45,739.7,730.75,738
2020-01-23,738.2,740,733,737.75
2020-01-24,737.5,744.85,734.3,744.85
2020-01-27,750,786.9,750,785.7
2020-01-28,785.6,787.9,771.05,777.5
2020-01-29,777,778.9,760.8,775.2
2020-01-30,777.1,796.25,777,781.95
2020-01-31,779.95,784.5,770.1,781.45
2020-02-03,782.15,792.2,762.25,769.8
2020-02-04,768.4,768.4,745.9,752.9
2020-02-05,755.8,759.7,734.05,748.1
2020-02-06,747.5,761.7,741.5,756.2
2020-02-07,756.5,781.5,750.1,776.55
2020-02-10,780.05,791.55,777.05,791.55
2020-02-11,787.55,799.85,783.35,789.55
2020-02-12,788.5,788.5,771.7,783.85
2020-02-13,792.45,798.5,788.2,796.85
2020-02-14,794,804.1,785,800.3
2020-02-17,797.2,801.6,788.3,792.2
2020-02-18,797.95,806.5,794.55,800
2020-02-19,806.9,819.5,803.85,811.1
2020-02-20,811.15,831.55,810.45,820
2020-02-21,830,861.85,827.3,850.75
2020-02-25,875,912.75,869.05,878
2020-02-26,882.85,908.85,860,864.45
2020-02-27,894.4,896.05,872.5,890.15
2020-02-28,900,900,826,846.4
2020-03-02,859,867.8,825.85,854.05
2020-03-03,846.85,862,827.1,859.1
2020-03-04,865.2,868.8,847,856.65
2020-03-05,859.4,865,832.1,862.8
2020-03-06,870.05,901,869.35,888.5
2020-03-10,900,952.95,900,938.15
2020-03-11,947.7,948,922,937.25
2020-03-12,930,946,870.2,897
2020-03-13,882.35,913.8,872.1,874.45
2020-03-16,890.8,918.1,765,795.4
2020-03-17,789.85,834.4,730.2,812.1
2020-03-18,795.8,880.9,775.2,838.35
2020-03-19,838.1,853.2,791.75,845.65
2020-03-20,873.9,879.95,820,849.55
2020-03-23,849,860.3,805,842.3
2020-03-24,869,954.4,860.8,952.05
2020-03-25,960,1009.55,959.75,999.5
2020-03-26,1004.3,1108.85,1001.65,1104.75
2020-03-27,1105.3,1105.3,1050.35,1082.05
2020-03-30,1083,1129.5,1061.85,1117.25
2020-03-31,1112.7,1148.4,1055.25,1063.75
2020-04-01,1067,1108.9,995.2,1003.8
2020-04-02,1008,1047.6,985,1035.45
2020-04-03,1035.5,1045.6,1013,1039.45
2020-04-06,1045.05,1100,1042.65,1081.85
2020-04-07,1099.95,1111.1,1071,1097
2020-04-08,1097,1107,1084.65,1105.05
2020-04-09,1113,1132.4,1093.7,1126.05
2020-04-10,1130,1150,1110.15,1140.1
2020-04-13,1141.95,1164.5,1129.2,1152.5
2020-04-14,1162,1235.8,1155.4,1215
2020-04-15,1191.05,1216.45,1137.55,1147.25
2020-04-16,1162.2,1213.9,1160.2,1194
2020-04-17,1173.45,1188.8,1157.05,1168.5
2020-04-20,1163,1167.5,1120.35,1163.5
2020-04-21,1166.8,1200,1134.2,1179.45
2020-04-22,1182.85,1250,1181.2,1220.9
2020-04-23,1229.8,1248.85,1191.05,1195.1
2020-04-24,1203.75,1224.5,1192.2,1209.5
2020-04-27,1210,1234.75,1205.5,1208.1
2020-04-28,1208.5,1217.2,1181.15,1191.65
2020-04-29,1199.8,1199.8,1175,1193.55
2020-04-30,1208.4,1211,1192.55,1211
2020-05-04,1210,1235,1183.55,1202.3
2020-05-05,1195,1204,1180.5,1183.2
2020-05-06,1185.5,1204.3,1183,1192.05
2020-05-07,1191.5,1203.2,1133.3,1183.9
2020-05-08,1197.3,1198.5,1185.7,1197.3
2020-05-12,1192.6,1204.7,1168.25,1197.9
2020-05-13,1200.75,1239,1193.4,1229.5
2020-05-14,1238.1,1249,1210,1235
2020-05-15,1238.95,1244.45,1216,1230.6
2020-05-18,1240,1273.8,1209,1225.7
2020-05-19,1212.7,1225.7,1197.1,1211
2020-05-20,1220.3,1226.95,1198,1207.35
2020-05-21,1197.85,1204.4,1175.45,1192.5
2020-05-22,1200,1208.85,1175.5,1181.45
2020-05-25,1175.5,1198.2,1175.05,1197.5
2020-05-26,1200,1200,1162.8,1162.8
2020-05-27,1160,1162,1102,1126.25
2020-05-28,1135.8,1142.45,1120.15,1134
2020-05-29,1138.8,1170.1,1126.8,1167.3
2020-06-01,1165,1168.65,1115.9,1140
2020-06-02,1137.95,1142.6,1103.2,1114.2
2020-06-03,1096.7,1102.9,1040,1056.7
2020-06-04,1049.5,1103.6,1045.05,1068.85
2020-06-05,1061.8,1062.05,1015.05,1024.6
2020-06-08,1029,1030.25,995.2,1014.9
2020-06-09,1014.95,1068,1007.5,1046.5
2020-06-10,1053.8,1079,1045.6,1058.95
2020-06-11,1080.1,1097,1061.6,1088.8
2020-06-15,1088.9,1089.3,1031.5,1052
2020-06-16,1051.8,1064.25,1034.5,1034.5
2020-06-17,1039.95,1074.95,1039.5,1074.2
2020-06-18,1075.3,1091.5,1067,1085
2020-06-19,1087.95,1119.35,1080.2,1106.75
2020-06-22,1117.75,1147.8,1109.55,1133.05
2020-06-23,1130.35,1164.05,1123.4,1153.35
2020-06-25,1153,1179.25,1150.85,1169
2020-06-26,1169,1183.5,1162.8,1174
2020-06-29,1175,1201,1171.8,1189.6
2020-06-30,1189.9,1207.2,1185.1,1198.7
2020-07-02,1194.2,1200,1178,1197.4
2020-07-03,1197,1228.4,1193.35,1222
2020-07-06,1222,1260,1212.5,1249.1
2020-07-07,1247,1272.2,1245.3,1270.7
2020-07-08,1271,1296.1,1255.6,1291.4
2020-07-09,1295.45,1339.4,1292.1,1328
2020-07-10,1325,1372.95,1305.6,1317.05
2020-07-13,1328,1337.35,1276.5,1285.2
2020-07-14,1288,1293,1236.6,1281.95
2020-07-15,1284,1332,1282.55,1327
2020-07-16,1326.9,1353.6,1294,1316.8
2020-07-17,1313.25,1332,1310.55,1322.5
2020-07-20,1329.05,1342.6,1312.15,1334.2
2020-07-21,1340.05,1362.95,1325.1,1348.45
2020-07-22,1355.85,1394.4,1350.35,1392
2020-07-23,1397.3,1460,1392.1,1449.8
2020-07-24,1454.95,1527.45,1445.2,1526.5
2020-07-27,1557,1749,1547.7,1724.8
2020-07-28,1709.25,1709.75,1602.8,1658
2020-07-29,1668.9,1709.45,1621.5,1665
2020-07-30,1632.7,1643,1607.5,1624
2020-07-31,1657.8,1707.95,1646.6,1694.9
2020-08-03,1707.45,1718.5,1672,1685
2020-08-04,1683.1,1742,1670.75,1738.05
2020-08-05,1746.35,1850,1745.05,1816.95
2020-08-06,1840,1877.3,1802.3,1859.2
2020-08-07,1844,1856.45,1775.5,1806.75
2020-08-10,1800,1812.35,1771,1775.3
2020-08-11,1729.15,1759.95,1675,1683.4
2020-08-12,1682.9,1759.5,1652.6,1730.15
2020-08-13,1731.5,1763,1712.2,1746
2020-08-14,1731.05,1756.3,1718.35,1741.9
2020-08-17,1753,1828.05,1751.7,1815.25
2020-08-18,1833.85,1865.9,1788.7,1794.8
2020-08-19,1785.6,1817,1756.05,1763.3
2020-08-20,1778.9,1789.9,1731.7,1783
2020-08-21,1775.5,1791.7,1742,1768.6
2020-08-24,1772.5,1818.65,1758.8,1796.6
2020-08-25,1798.35,1812.7,1782.05,1798.55
2020-08-26,1792.95,1844.4,1780.05,1834.45
2020-08-27,1820,1847,1807.75,1817
2020-08-28,1830,1844.2,1805.2,1836.6
2020-08-31,1840.05,1840.45,1789.05,1808.55
2020-09-01,1822,1876.5,1770.75,1786.8
2020-09-02,1780,1786.9,1725.35,1752.95
2020-09-03,1737.4,1744.45,1676.35,1695.1
2020-09-04,1696.85,1738,1692.85,1726.6
2020-09-07,1723,1764.65,1723,1743.1
2020-09-08,1749.3,1752.7,1682.05,1702.3
2020-09-09,1701.45,1707.4,1651.8,1673.5
2020-09-10,1670,1699.8,1660.7,1680.65
2020-09-11,1682,1739.5,1676.2,1706.7
2020-09-14,1707.75,1712.2,1677.8,1695
2020-09-15,1698,1707.3,1677.6,1694.3
2020-09-16,1693.85,1741.3,1688.6,1741.3
2020-09-17,1628,1736.7,1628,1694.7
2020-09-18,1709.2,1716.1,1678.95,1693
2020-09-21,1694,1699.55,1590.2,1646
2020-09-22,1625.5,1667.65,1612.6,1628.5
2020-09-23,1609.7,1653.1,1580,1630.95
2020-09-24,1620,1642.35,1587.05,1633.5
2020-09-25,1634.5,1658.5,1616.1,1633.55
2020-09-28,1632,1664.5,1622.45,1642.35
2020-09-29,1650,1669.95,1627.3,1665.8
2020-09-30,1655,1658.65,1624.75,1625.05
2020-10-01,1634.8,1651.55,1612.5,1635.2
2020-10-02,1649.5,1686.2,1636.95,1673.7
2020-10-05,1668.5,1703.7,1647.5,1696.25
2020-10-06,1697,1697.75,1640,1640.1
2020-10-07,1650,1666.1,1642.5,1656.6
2020-10-08,1663,1696.85,1655.1,1688.3
2020-10-09,1695,1706.3,1678,1698.15
2020-10-12,1703.9,1703.9,1671.5,1685
2020-10-13,1679,1685.5,1661.5,1665.5
2020-10-14,1670,1747.05,1669,1743
2020-10-15,1739.9,1739.9,1708.55,1731.85
2020-10-16,1738,1753.8,1725.5,1739.95
2020-10-19,1729.95,1738.25,1714.9,1726.85
2020-10-20,1722.95,1724.85,1703.7,1713
2020-10-21,1715.3,1721.8,1666.75,1680.05
2020-10-22,1683.9,1704.9,1662,1676.85
2020-10-23,1688,1688,1631.6,1652.7
2020-10-26,1646.8,1656.85,1607.8,1614.15
2020-10-27,1605.05,1654.35,1605.05,1649.9
2020-10-28,1641.2,1649.75,1545.55,1593.5
2020-10-29,1600,1627.9,1542.1,1560.1
2020-10-30,1552,1560,1512.7,1553.65
2020-11-02,1559.85,1634,1552.45,1631.9
2020-11-03,1625.1,1667.05,1623.55,1667.05
2020-11-05,1671,1726.5,1661,1719.5
2020-11-06,1711.8,1775,1705.65,1769.75
2020-11-09,1781.25,1802.7,1580.25,1661.5
2020-11-10,1661.5,1674.9,1601,1643.25
2020-11-11,1648.3,1648.3,1546.45,1588
2020-11-12,1582.5,1633.5,1565,1603.3
2020-11-13,1596.4,1648,1582.55,1629.55
2020-11-16,1621.3,1634.9,1590.75,1603.5
2020-11-17,1597.05,1602.45,1573.05,1579.05
2020-11-18,1574.6,1587.5,1560.8,1577.05
2020-11-19,1572,1573.65,1544.05,1549
2020-11-20,1544.2,1553,1531.5,1541
2020-11-23,1544,1546.95,1445.45,1478.5
2020-11-24,1459.2,1534.35,1436.2,1463
2020-11-25,1458,1465,1425.9,1457
2020-11-26,1458,1512.9,1458,1502
2020-11-27,1498.95,1503.8,1447.2,1464
2020-11-30,1456.85,1465.9,1435.05,1453
2020-12-01,1457.25,1488.85,1454.7,1485.9
2020-12-02,1476.75,1498,1454.35,1465.65
2020-12-03,1474.95,1484.05,1441.6,1450.3
2020-12-04,1453,1453.95,1428,1436
2020-12-07,1437.95,1489.85,1397.55,1474
2020-12-08,1479.2,1511.4,1463,1506.1
2020-12-09,1499.95,1505.9,1451.05,1458
2020-12-10,1455,1469.65,1433.3,1442.95
2020-12-11,1440,1443.5,1411.9,1424.7
2020-12-14,1418,1454,1401,1439.35
2020-12-15,1453,1504.95,1440,1489.95
2020-12-16,1500,1501.25,1454,1475
2020-12-17,1482,1543.2,1475.4,1528.6
2020-12-18,1515.05,1558.45,1513.8,1532
2020-12-21,1563,1584.5,1533,1565
2020-12-22,1555,1569.25,1500.45,1510.2
2020-12-23,1513,1537.3,1505.7,1519.15
2020-12-24,1523,1525.8,1510.9,1519.5
2020-12-25,1514.25,1523,1514.2,1518.3
2020-12-28,1526,1534.5,1512.5,1517.5
2020-12-29,1512.7,1533.5,1512.7,1522.9
2020-12-30,1525,1532.5,1514.1,1524.5
2021-01-04,1550,1602.4,1540.05,1594.8
2021-01-05,1595,1612.5,1561.15,1598.75
2021-01-06,1595,1606,1552.2,1579.25
2021-01-08,1572.15,1586.9,1530.4,1539.6
2021-01-11,1540.2,1558.3,1533.45,1548.9
2021-01-12,1555.5,1564.2,1525.25,1541.95
2021-01-13,1549,1552.45,1532.85,1542.6
2021-01-14,1535,1542,1501.5,1508
2021-01-15,1507.95,1513.8,1480,1484
2021-01-18,1495,1510,1471.5,1484.05
2021-01-19,1489.15,1491,1462.05,1469.05
2021-01-20,1478,1513.35,1465.6,1505.5
2021-01-21,1508.9,1521.75,1493.7,1505.95
2021-01-22,1489.65,1506,1466,1483.5
2021-01-25,1487.3,1519.9,1473.9,1504.8
2021-01-26,1508.9,1522.75,1481.5,1511.9
2021-01-27,1515,1519.2,1478.3,1486
2021-01-28,1484,1489.25,1454.25,1466.95
2021-01-29,1473.25,1473.25,1427.95,1430.55
2021-02-01,1447,1491,1437.75,1479.3
2021-02-02,1474.3,1504.9,1457.5,1489.3
2021-02-03,1502,1504.9,1449.95,1459.95
2021-02-04,1447,1457.6,1430.85,1445.4
2021-02-05,1443.8,1463.6,1441,1460
2021-02-08,1459,1469,1446.4,1455.05
2021-02-09,1460,1461.9,1445.05,1453.05
2021-02-10,1456.9,1462.45,1427.6,1440.45
2021-02-11,1435.5,1455,1431.9,1439.4
2021-02-12,1440,1441,1429,1439
2021-02-15,1439,1449.9,1435.9,1447.05
2021-02-16,1447.1,1456.55,1432.8,1440
2021-02-17,1436,1442,1391.25,1409.9
2021-02-18,1410,1410,1366.55,1377.25
2021-02-19,1372.5,1400.85,1361.7,1394.8
2021-02-22,1404,1407,1386,1392.9
2021-02-24,1382.05,1414.6,1370.6,1409.1
2021-02-25,1401.85,1418.8,1401,1412
2021-02-26,1398.95,1415.45,1392,1402.7
2021-03-01,1410,1429,1400,1426
2021-03-02,1417,1452.45,1411.5,1450.5
2021-03-03,1452.9,1461.75,1440,1440.15
2021-03-04,1448.3,1448.3,1404,1406.4
2021-03-05,1421,1462.5,1411.5,1450
2021-03-09,1450,1466.05,1435,1451.3
2021-03-10,1451.2,1452.85,1395.45,1410.75
2021-03-11,1423.95,1434,1414.4,1423.1
2021-03-12,1420,1420.65,1397.4,1411.05
2021-03-15,1423,1437.7,1399.05,1408.95
2021-03-16,1408.95,1426.8,1399,1417.55
2021-03-17,1422.2,1430.1,1409.45,1426.4
2021-03-18,1430,1441.2,1417,1429.95
2021-03-19,1429.95,1444.4,1426.5,1430.15
2021-03-22,1430.2,1431,1404.5,1412
2021-03-23,1419,1424,1406.5,1414.7
2021-03-24,1419.8,1419.8,1389.5,1399.25
2021-03-25,1392.7,1400.7,1382.85,1391.7
2021-03-26,1395,1398.9,1380.95,1384.5
2021-03-29,1392.2,1394.5,1374,1385.7
2021-03-30,1381.8,1384.5,1340,1344.65
2021-03-31,1351.4,1398.45,1348.5,1398.45
2021-04-01,1399.4,1404.4,1366,1400
2021-04-02,1400,1400,1385.3,1394.95
2021-04-05,1394.35,1395.3,1377.3,1385
2021-04-06,1391.5,1441.4,1388,1439
2021-04-07,1432.3,1448,1424.3,1435.75
2021-04-08,1431.05,1436.5,1416.95,1426.75
2021-04-09,1418.7,1437.65,1413.05,1436
2021-04-12,1434.05,1452.45,1425,1452.45
2021-04-13,1455,1485.55,1446.05,1472.1
2021-04-14,1467,1481,1451.45,1461.5
2021-04-15,1457.55,1496.9,1456.35,1496.9
2021-04-16,1495.9,1510.3,1473.9,1501.5
2021-04-19,1504.8,1538.9,1495.35,1525
2021-04-20,1523.5,1543.9,1518.65,1540
2021-04-21,1544.9,1566.75,1533.25,1565
2021-04-22,1567,1594.9,1564.55,1567.15
2021-04-23,1565.15,1565.15,1516.05,1524.4
2021-04-26,1530,1530,1481,1498.9
2021-04-27,1502,1514.95,1455.8,1466.6
2021-04-28,1470,1470.2,1441.2,1457.2
2021-04-29,1461.75,1467.75,1394,1412.3
2021-04-30,1412.75,1416.8,1385.4,1395.95
2021-05-04,1409.95,1433.75,1395.6,1408
2021-05-05,1408.05,1428,1398.65,1428
2021-05-06,1430,1484.85,1428.55,1481.2
2021-05-07,1485.3,1547,1481.1,1507.05
2021-05-10,1522,1547.2,1487,1518.8
2021-05-11,1512.25,1524.8,1495.25,1522.05
2021-05-12,1523,1539.5,1487.7,1492.4
2021-05-13,1492.7,1508.1,1469.05,1488.85
2021-05-14,1495,1502.75,1486.5,1497
2021-05-17,1513.6,1538.6,1499.2,1533.9
2021-05-18,1547,1586,1538.2,1577.45
2021-05-19,1579.5,1592,1543.05,1570
2021-05-20,1584.5,1587.9,1562.85,1573.2
2021-05-21,1573.2,1589.65,1560,1569.85
2021-05-24,1570.05,1586.7,1565.85,1575.8
2021-05-25,1572.9,1585.2,1566,1584.95
2021-05-26,1586.1,1610,1584.1,1601.2
2021-05-27,1609.8,1621.2,1567.7,1599.7
2021-05-28,1603.65,1612.9,1578.05,1594.1
2021-05-31,1599,1601.95,1573.75,1585.05
2021-06-01,1594.95,1616,1591,1609.9
2021-06-02,1609.9,1615.5,1586.4,1610.35
2021-06-03,1608,1610.35,1585,1600
2021-06-04,1570,1577.6,1530.15,1558.3
2021-06-07,1550.95,1551.65,1497.1,1520
2021-06-08,1523.95,1531.15,1500,1519.7
2021-06-09,1525.7,1527.95,1498.9,1509.9
2021-06-10,1509.9,1513,1480.1,1502.5
2021-06-11,1512.6,1523.85,1476.7,1494
2021-06-14,1489.55,1493.25,1466.3,1478.6
2021-06-15,1479.4,1488.45,1474.3,1482.5
2021-06-16,1486,1491.4,1460.55,1465.05
2021-06-17,1464.75,1464.9,1432.7,1445
2021-06-18,1449,1469.7,1442.25,1451.45
2021-06-21,1449.7,1475.05,1449.6,1470.35
2021-06-22,1470.95,1476.9,1452.7,1475.25
2021-06-23,1478,1483.3,1463,1473
2021-06-24,1473,1474.85,1437.15,1440.1
2021-06-25,1450,1450,1425.75,1433
2021-06-28,1433.5,1443.9,1421.9,1435.5
2021-06-29,1435.5,1440.1,1388.8,1396.6
2021-06-30,1392,1426.2,1378.2,1424.1
2021-07-01,1426.8,1438.55,1407.55,1412.8
2021-07-02,1416.95,1431.75,1409.5,1427.75
2021-07-05,1431.7,1439.45,1404.1,1419.5
2021-07-06,1425,1435.9,1410,1420.55
2021-07-07,1425.05,1452.95,1420,1452.55
2021-07-08,1442.2,1475.5,1436.25,1454.9
2021-07-09,1454.5,1454.5,1411.1,1419
2021-07-12,1411.6,1420,1406.4,1418.25
2021-07-13,1418.6,1435.7,1413,1431.9
2021-07-14,1432.15,1442.5,1417,1427.5
2021-07-15,1433.5,1455,1426.35,1440
2021-07-16,1437.95,1440.55,1403.9,1405.6
2021-07-19,1400.15,1414.45,1383.05,1400.1
2021-07-20,1399.95,1405.5,1381.9,1384.55
2021-07-21,1382,1387.65,1364,1369.3
2021-07-22,1375,1391.35,1364.4,1389.1
2021-07-23,1389.2,1394,1355,1366.1
2021-07-26,1368.8,1385.4,1362.45,1372.4
2021-07-27,1366.6,1370.15,1355.75,1359.05
2021-07-28,1353,1377.5,1353,1377.5
2021-07-29,1382.5,1414.5,1380,1410.55
2021-07-30,1405.5,1412.5,1390.2,1400
2021-08-02,1403.95,1410,1382.1,1389.6
2021-08-03,1385,1403.15,1381.65,1403
2021-08-04,1405.15,1422.35,1398.2,1406
2021-08-05,1409.6,1412.5,1385.05,1394.05
2021-08-06,1389.45,1391.7,1360.15,1367.4
2021-08-09,1361.95,1370,1350.8,1355.85
2021-08-10,1362,1363.5,1336,1350
2021-08-11,1350.1,1352.7,1331.5,1340.05
2021-08-12,1340.25,1351,1335,1343.25
2021-08-13,1348.7,1350,1341,1349.25
2021-08-16,1342.2,1348.25,1336.65,1338
2021-08-17,1338,1361,1335.5,1356.1
2021-08-18,1354.35,1362.4,1340.1,1344.85
2021-08-19,1340.05,1374.95,1337.95,1357.75
2021-08-20,1365.9,1374.95,1344.25,1347.65
2021-08-23,1354.9,1375.3,1342.25,1372.85
2021-08-24,1377.65,1383.7,1359.5,1371
2021-08-25,1363,1366.7,1354,1356.55
2021-08-26,1355.6,1359.65,1338,1346.35
2021-08-27,1348.6,1353.5,1336,1352.9
2021-08-30,1353.6,1355,1343.15,1345.8
2021-08-31,1348.2,1349,1308.25,1325.95
2021-09-01,1327,1331,1311,1325.8
2021-09-02,1326.15,1341.25,1319.1,1331.1
2021-09-03,1337.35,1362.35,1322.3,1358.3
2021-09-06,1360,1365.85,1338.9,1351.8
2021-09-07,1345,1347.55,1332.05,1333
2021-09-08,1332.5,1346,1316.75,1328.3
2021-09-09,1332,1354.4,1317.55,1329.55
2021-09-10,1335,1336.45,1312.15,1316.2
2021-09-13,1316.2,1317.55,1290.55,1298.8
2021-09-14,1300,1300,1277.5,1290.5
2021-09-15,1291,1294.95,1260.1,1263.05
2021-09-16,1260,1262.45,1226.55,1242.5
2021-09-17,1250,1277.25,1237,1254.55
2021-09-20,1254.55,1300,1249.2,1288
2021-09-21,1279.85,1283.85,1261.4,1276.05
2021-09-22,1275,1287.5,1267.8,1273.55
2021-09-23,1271,1279.55,1244.3,1258.25
2021-09-24,1268.5,1268.5,1231,1234.05
2021-09-27,1237,1241,1204,1208
2021-09-28,1200,1202.95,1186,1188.2
2021-09-29,1188.2,1208.8,1165.1,1169.45
2021-09-30,1168.9,1204.9,1152.5,1204.8
2021-10-01,1204.95,1207.7,1178,1182.05
2021-10-04,1184.05,1193.9,1154.8,1193.2
2021-10-05,1195.85,1213.8,1181,1212.4
2021-10-06,1212.4,1223,1202.8,1215.95
2021-10-07,1220,1249.35,1213.15,1236
2021-10-08,1210,1257.75,1197.7,1238.1
2021-10-11,1245,1245.35,1214.05,1221.9
2021-10-12,1228.8,1278.7,1226,1271.1
2021-10-13,1280,1331.45,1272.55,1324.4
2021-10-14,1327.9,1379.75,1316.55,1368.8
2021-10-15,1368,1369.05,1328,1336.35
2021-10-18,1335.3,1360.45,1322.75,1345.35
2021-10-19,1357.85,1399,1351.2,1387.9
2021-10-20,1392.15,1436.45,1382.45,1385
2021-10-21,1391.2,1414.5,1386.5,1401.35
2021-10-22,1412.75,1447.55,1392.25,1426.1
2021-10-25,1428,1439,1396.75,1407.05
2021-10-26,1402.5,1409.45,1365.1,1366.2
2021-10-27,1365.05,1421.3,1354.15,1414.95
2021-10-28,1417.65,1434,1405.05,1409
2021-10-29,1400.05,1415.25,1392,1398.55
2021-11-01,1398.7,1417.15,1397.55,1415
2021-11-02,1418.75,1428.6,1405.55,1409.05
2021-11-03,1411.55,1415,1375.8,1406.65
2021-11-05,1417,1458.6,1415.05,1449.85
2021-11-08,1459.75,1495,1452.7,1485.8
2021-11-09,1477.7,1484.75,1457,1480
2021-11-10,1475,1522,1462.05,1511.7
2021-11-11,1520.9,1593.25,1517.5,1578.5
2021-11-12,1576,1611.3,1561.65,1597.2
2021-11-15,1592.7,1609.5,1568.2,1575
2021-11-16,1586,1616,1575,1577.65
2021-11-17,1588.9,1595.05,1566.75,1578
2021-11-18,1578,1593.9,1567.3,1580.45
2021-11-19,1579,1601,1572,1579.85
2021-11-22,1569.15,1581.2,1477.7,1490.4
2021-11-23,1500,1542.35,1460,1475.1
2021-11-24,1482.55,1496.5,1400.4,1428.05
2021-11-25,1444.8,1449.1,1420,1437.2
2021-11-26,1452,1466.95,1410.85,1416.35
2021-11-29,1432.5,1432.5,1380,1397.7
2021-11-30,1406.7,1461.5,1383.15,1417
2021-12-01,1430,1439.95,1387.05,1396
2021-12-02,1395.25,1404.75,1369.2,1377.55
2021-12-03,1384.95,1399.5,1339.6,1397.55
2021-12-06,1397.5,1403.4,1357.9,1373.2
2021-12-07,1377.4,1396.5,1361.9,1371.9
2021-12-08,1378.4,1387,1346.2,1355.5
2021-12-09,1360.8,1360.8,1306.2,1315.05
2021-12-10,1317.95,1318.2,1287.2,1294.3
2021-12-13,1299.55,1308.2,1246.5,1261.8
2021-12-14,1250.8,1264.5,1190,1239.35
2021-12-15,1245.1,1263,1231.4,1254.5
2021-12-16,1260,1289.9,1247.65,1285
2021-12-17,1289.9,1363.35,1274.25,1348.25
2021-12-20,1348.35,1388.8,1312,1323.2
2021-12-21,1320.1,1333,1293.1,1300.45
2021-12-22,1315,1315,1287.1,1302.6
2021-12-23,1312.95,1318,1282.5,1292.55
2021-12-24,1290.55,1303.2,1278,1301
2021-12-27,1301,1311,1292.9,1304.6
2021-12-28,1304.55,1313.4,1293.55,1296.05
2021-12-29,1296.55,1304.4,1263.75,1279.3
2021-12-30,1279.8,1312,1268.05,1309.2
2022-01-03,1312,1325.9,1286.6,1296.45
2022-01-04,1304.65,1307.25,1279.4,1299.6
2022-01-05,1300.55,1301.5,1251,1255.15
2022-01-06,1255,1282.45,1218.05,1231.5
2022-01-10,1232,1251.35,1210,1225.15
2022-01-11,1229.9,1243.45,1217.5,1238.1
2022-01-12,1238,1241.3,1211,1239.2
2022-01-13,1235,1241.45,1212.8,1223.3
2022-01-14,1223,1236.65,1185.15,1192.9
2022-01-17,1204.3,1204.6,1138.45,1160.7
2022-01-18,1164,1164.7,1103.2,1143.9
2022-01-19,1143.9,1205,1110.3,1194.95
2022-01-20,1190.2,1236.9,1164.05,1193
2022-01-21,1193,1246.3,1173.55,1231
2022-01-24,1233.8,1266.2,1162,1227.4
2022-01-25,1221.2,1248.65,1169,1210.9
2022-01-26,1207,1242,1183,1190
2022-01-27,1185.05,1207.9,1168.25,1179.75
2022-01-28,1195,1195,1155.45,1179.05
2022-01-31,1178,1234.8,1177.1,1222.4
2022-02-01,1224,1249.5,1211.2,1221.15
2022-02-02,1221.15,1237.95,1206,1231.5
2022-02-03,1220.75,1228.9,1185.4,1221
2022-02-04,1221.15,1227.5,1183.4,1211.8
2022-02-07,1215,1218.85,1191.6,1207.6
2022-02-08,1207.6,1214.95,1181.2,1205.95
2022-02-09,1208,1224.85,1195.45,1221.65
2022-02-10,1223,1261,1217.45,1230.2
2022-02-11,1231.2,1239.4,1193.4,1228.45
2022-02-14,1232,1286.5,1213.75,1279.9
2022-02-15,1283.2,1302.55,1240,1259.05
2022-02-16,1265,1291.3,1247.1,1291.05
2022-02-17,1295,1336.95,1268,1334.05
2022-02-18,1333,1338.8,1289.4,1289.4
2022-02-21,1284.6,1331.65,1170,1232
2022-02-22,1232,1315,1133.9,1301.4
2022-02-24,1271.15,1275.4,860,981
2022-02-25,979,1143.9,971.95,1063.3
2022-03-24,1168.1,1300.45,1111.05,1230
2022-03-25,1210,1246.6,1180,1220
2022-03-28,1220,1228,1187,1198.5
2022-03-29,1198.5,1214.9,1074.05,1098.25
2022-03-30,1120,1218.25,1108.45,1207.4
2022-03-31,1204.5,1289,1160,1272.7
2022-04-01,1275.05,1287.2,1230.1,1250
2022-04-04,1259.2,1299.9,1254.15,1295.05
2022-04-05,1297,1395,1250,1351.2
2022-04-06,1350,1394,1330,1345
2022-04-07,1369.95,1412.55,1310.5,1397.5
2022-04-08,1400,1410,1325,1363.6
2022-04-11,1363.6,1439.45,1345.5,1437.55
2022-04-12,1440,1495,1423.55,1439.25
2022-04-13,1455,1455,1400.4,1405.1
2022-04-14,1405.1,1412.35,1336,1336.5
2022-04-15,1340,1418.05,1260,1390
2022-04-18,1399.9,1428.35,1362.6,1370
2022-04-19,1371.15,1395.7,1337.25,1365
2022-04-20,1367,1384.8,1343.9,1384.8
2022-04-21,1378.5,1378.5,1330.6,1364.2
2022-04-22,1363.35,1363.35,1325.95,1340
2022-04-25,1328.05,1333.95,1270,1278.9
2022-04-26,1278.85,1310,1275.4,1300.5
2022-04-27,1300.5,1322.05,1285.1,1313
2022-04-28,1314.5,1347.5,1304.55,1326.2
2022-04-29,1330,1380,1316,1363
2022-05-04,1363,1374.4,1330.95,1349.8
2022-05-05,1358,1390,1345.5,1361.5
2022-05-06,1361.2,1361.45,1335.1,1348.5
2022-05-11,1346.85,1348.45,1300.8,1310
2022-05-12,1310,1310,1250,1275.7
2022-05-13,1273.9,1278.95,1227,1227
2022-05-16,1230,1240,1200.1,1233.5
2022-05-17,1236,1257.25,1230,1238
2022-05-18,1238,1245,1224.35,1235.1
2022-05-19,1230.05,1235,1204.9,1235
2022-05-20,1236,1245.45,1200,1200
2022-05-23,1209.2,1212.4,1160,1162.45
2022-05-24,1166.3,1169.8,1092.05,1146.1
2022-05-25,1146.1,1165,1126.1,1165
2022-05-26,1164,1177,1141.7,1166.6
2022-05-27,1164.5,1190.6,1140.1,1144
2022-05-30,1159.8,1180,1110,1180
2022-05-31,1180,1180,1132.55,1162.4
2022-06-01,1141.25,1156.7,1134.25,1156.7
2022-06-02,1150,1156.7,1130.3,1140
2022-06-03,1142,1148.9,1111,1114.5
2022-06-06,1114.5,1120,1101.1,1109
2022-06-07,1109,1114.1,1057,1084.9
2022-06-08,1080.55,1096.85,1067,1079.95
2022-06-09,1079.95,1084.55,1040.7,1068
2022-06-10,1051.5,1059.85,1012.65,1019.2
2022-06-14,1015.7,1035.7,1001.05,1030
2022-06-15,1019.7,1030,1011.4,1015.2
2022-06-16,1024.05,1025,1010,1024.5
2022-06-17,1024.9,1035.05,1011.5,1035.05
2022-06-20,1032.05,1040.85,1015,1022.8
2022-06-21,1022.45,1023.9,973,977.7
2022-06-22,969.95,969.95,946,960.95
2022-06-23,955,956.9,910.65,928.8
2022-06-24,929.9,943.95,912.2,943.15
2022-06-27,915,922,900.2,922
2022-06-28,918.3,922,901,910.1
2022-06-29,909.5,937.95,904.1,922.5
2022-06-30,926.2,929,882.45,885
2022-07-01,883.05,895.85,836.25,846.4
2022-07-04,848.45,850.5,785.55,799.75
2022-07-05,796.5,817.4,792.5,810
2022-07-06,809.8,830,798,802
2022-07-07,802,834.2,800.9,822.5
2022-07-08,830.5,849.6,812,837.6
2022-07-11,840,867.3,828,848.4
2022-07-12,849.1,856.7,812.9,832
2022-07-13,838.5,838.85,786.2,817.1
2022-07-14,815,834.2,807.1,818.2
2022-07-15,820.6,837.5,812,837.5
2022-07-18,837,849.4,827.15,827.15
2022-07-19,829,834.4,810.7,826
2022-07-20,827.15,835.3,811.7,817.95
2022-07-21,813.2,816.8,787.05,793.35
2022-07-22,792,792,751.1,771.7
2022-07-25,770.65,784.3,753.9,767.65
2022-07-26,767.6,799.85,767.6,799.85
2022-07-27,800.3,827.9,800.3,815.55
2022-07-28,824,837.35,795.8,824.25
2022-07-29,829.65,864.4,819.5,864.4
2022-08-01,865.4,885.05,827.5,852.7
2022-08-02,850,864.8,809.55,809.55
2022-08-03,809.7,816.65,777.5,781.3
2022-08-04,783.7,786.5,747.9,751.4
2022-08-05,750.6,755,715.55,726.1
2022-08-08,725.6,753.5,720,720
2022-08-09,720,725,695.1,710
2022-08-10,711,747.6,700.4,743.9
2022-08-11,746.15,767.7,735,747.55
2022-08-12,748.5,753.55,732.5,751
2022-08-15,752,769.95,744.05,761
2022-08-16,763.8,797.9,760.35,797.5
2022-08-17,801,807.7,778.25,785.5
2022-08-18,785.5,789.7,767,781.45
2022-08-19,780.15,794.5,772.7,789
2022-08-22,780.9,788,771.45,775
2022-08-23,775,785.05,771.4,782
2022-08-24,783,793.5,782,790.8
2022-08-25,793,818.25,793,800.1
2022-08-26,800.1,823.5,786.2,819.7
2022-08-29,820,823,805,819.8
2022-08-30,820,841.25,814.6,818
2022-08-31,818.45,832,806,832
2022-09-01,828.8,835.8,815.55,827.5
2022-09-02,829.75,837.85,827.6,837.85
2022-09-05,837.85,844.85,824.85,831.5
2022-09-06,831.6,859.5,775.75,805
2022-09-07,805.1,814.75,793.45,797
2022-09-08,805,805,795.1,797.5
2022-09-09,803,822.5,801,820.8
2022-09-12,822.8,834.45,817,831.45
2022-09-13,832,836.45,817,818.2
2022-09-14,813.65,816.8,801.9,815.2
2022-09-15,814.75,817.7,807.5,811
2022-09-16,810,813.3,777.1,803.2
2022-09-19,804.3,814.5,795.8,807.2
2022-09-20,809.9,813,719.6,744.8
2022-09-21,695,744.45,661.7,701.95
2022-09-22,700.15,719,686,694.95
2022-09-23,694.95,696.5,629.25,636.6
2022-09-26,629.2,630,550,557.25
2022-09-27,568.25,578.45,515.1,548.4
2022-09-28,547.5,547.5,527.55,539
2022-09-29,540.3,543.95,502,511.25
2022-09-30,513.85,519,491,501.8
2022-10-03,502,556,496.1,555.85
2022-10-04,558.5,607,545.75,599.9
2022-10-05,601,606,562.5,579
2022-10-06,579.9,589,573.1,581.2
2022-10-07,579.5,579.9,531.3,536
2022-10-10,521.55,542.5,512.4,530
2022-10-11,532,539,520.85,531.05
2022-10-12,534,535.65,519,521
2022-10-13,520,529,513.1,523
2022-10-14,526,526,507.1,511.9
2022-10-17,514.5,536.8,511.05,535.2
2022-10-18,535,575,525.2,557
2022-10-19,552.5,569.5,544.2,566.35
2022-10-20,566.4,605,561.55,594.3
2022-10-21,595,629.5,581.25,625.05
2022-10-24,630.8,646.5,616,621.3
2022-10-25,619,639.5,616.15,630.8
2022-10-26,634.55,640.95,600.7,611.4
2022-10-27,612.95,624.9,605,611.65
2022-10-28,612,612,594,603.05
2022-10-31,603.75,623.5,597.3,604.7
2022-11-01,605.15,614.35,598.5,605.6
2022-11-02,606,606.8,583,590.05
2022-11-03,589.95,597,585,590.8
2022-11-07,601.55,620,599.05,617.85
2022-11-08,618,659.4,606.5,650.85
2022-11-09,653,672.8,636.1,643.45
2022-11-10,645.65,672,637.7,671.5
2022-11-11,673.5,683.95,665.2,673.3
2022-11-14,673,680,661.1,668.2
2022-11-15,668,677.5,621,648.2
2022-11-16,650,666.7,645.1,663.4
2022-11-17,663.4,665.3,647,657.45
2022-11-18,657,661,651.15,657.5
2022-11-21,654.65,654.75,633.1,642.8
2022-11-22,643.5,677,637,674.15
2022-11-23,676.7,717.85,673.85,714.05
2022-11-24,715.9,723.7,694.25,706.8
2022-11-25,708.8,709.5,691,700.8
2022-11-28,697.1,721.9,688.6,715.05
2022-11-29,717.5,734.4,715.9,723.7
2022-11-30,724.8,734.05,716.7,733.85
2022-12-01,740,754,733,752.5
2022-12-02,749.9,766,737.4,750.45
2022-12-05,753.35,764,736.65,744.65
2022-12-06,740.2,747.9,732.6,738.2
2022-12-07,738,746.7,726.5,745.25
2022-12-08,747.3,749.5,735.05,740.2
2022-12-09,742.6,746,736.9,742.05
2022-12-12,741,744.5,737,741.8
2022-12-13,742.1,771,736,763.85
2022-12-14,764,783,759.35,773.8
2022-12-15,770.9,772.95,742.75,746.3
2022-12-16,747.5,759.7,741.1,752.55
2022-12-19,755,760.75,734.8,750.35
2022-12-20,749,783,747.35,780.3
2022-12-21,785,802.95,776.4,785.3
2022-12-22,787.7,800.4,767.2,776.05
2022-12-23,780,786.8,771.3,782.35
2022-12-26,781,789.85,773.15,780.9
2022-12-27,784.95,788,781,786.2
2022-12-28,782.5,786,775.05,777
2022-12-29,777.5,780.2,762.5,773.4
2022-12-30,775,777.7,762.8,769.2
2023-01-03,777.8,791,775.35,790.3
2023-01-04,794.4,803.6,792.5,801.45
2023-01-05,801.45,801.5,783.3,787.55
2023-01-06,789.05,793.6,778,790.5
2023-01-09,798,799.95,780,784.5
2023-01-10,783,790,775.1,787.6
2023-01-11,790.5,792,785.6,788.15
2023-01-12,789.9,797.45,785,793.4
2023-01-13,793.7,812,790.15,806.8
2023-01-16,809.5,826,807.6,822.8
2023-01-17,822.75,828,810.7,812.9
2023-01-18,812.8,824.85,808.05,815.5
2023-01-19,816,820,803.9,816.45
2023-01-20,816.9,820.5,813,817.45
2023-01-23,820,826.9,816.15,822.4
2023-01-24,825,844.7,825,843.5
2023-01-25,847,856.95,843.5,856.95
2023-01-26,857.1,876.9,852.85,876.6
2023-01-27,877.45,878,866.25,876.8
2023-01-30,883,929.8,878.1,925.25
2023-01-31,924.8,951.5,907,947.8
2023-02-01,947.5,981.5,935.5,972
2023-02-02,980,980,943,944.9
2023-02-03,944.75,954.5,915.8,924.8
2023-02-06,926.35,943.4,921,934.2
2023-02-07,935,939,902.5,911.15
2023-02-08,909.95,928.7,902.5,921.85
2023-02-09,924.95,929.8,912.1,913.95
2023-02-10,910.25,915,904.25,912.35
2023-02-13,912.35,924,906.3,908
2023-02-14,910.1,914.45,889,893.15
2023-02-15,887.65,887.7,808.55,837.5
2023-02-16,847.3,862,830.3,842.7
2023-02-17,830.1,869.35,822.7,866.7
2023-02-20,864.3,894.9,842.2,892.25
2023-02-21,892.65,915,882.4,896.35
2023-02-22,899.85,899.85,870.45,874.3
2023-02-24,874.95,884.6,866.1,878.8
2023-02-27,870.5,890.8,870,887.8
2023-02-28,889.95,894,871,878.85
2023-03-01,882,898.5,879,893.9
2023-03-02,893,899,878.15,883.6
2023-03-03,889.5,896.9,883.9,895.6
2023-03-06,899.55,906.8,897.2,900.35
2023-03-07,900.7,901.9,888.5,891.95
2023-03-09,890,895.45,882.1,889.25
2023-03-10,888,904.1,885.6,897.6
2023-03-13,908,939.5,905.1,939.5
2023-03-14,943,948.8,919.1,923.95
2023-03-15,923.9,937,906.45,926.85
2023-03-16,926.05,932,917.8,922
2023-03-17,924.95,947.5,922,941.2
2023-03-20,949.4,960,937.5,941.95
2023-03-21,939,942.95,926.15,931
2023-03-22,932.05,953.2,928.9,948.8
2023-03-23,953.1,959,943.1,948.8
2023-03-24,947.5,953.95,944,947.5
2023-03-27,946.55,949.5,934.1,940.85
2023-03-28,940,949.5,931.1,944.9
2023-03-29,941.5,946.85,940.6,942.75
2023-03-30,944.6,948.5,940.1,945.4
2023-03-31,948.25,950,934.5,944.15
2023-04-03,942.1,967.5,937.5,960
2023-04-04,960,975,955,972.5
2023-04-05,975,978.9,962.6,969.9
2023-04-06,966.75,971,957.2,958.95
2023-04-07,960.1,964.5,951.65,960
2023-04-10,958,968.65,955.55,966.65
2023-04-11,968.75,990.95,955.75,961.9
2023-04-12,967.9,976.75,956.75,967.3
2023-04-13,969.9,988.85,966.1,988.3
2023-04-14,989.3,997.6,972.5,983.5
2023-04-17,988.3,1036.95,984.95,1035.4
2023-04-18,1036.8,1048.8,1024.5,1042.15
2023-04-19,1041.95,1041.95,1012.5,1019.75
2023-04-20,1020.5,1047,1010.1,1041.1
2023-04-21,1038,1043.75,1025,1038.25
2023-04-24,1038,1059.5,1037,1054
2023-04-25,1055.5,1060,1042.9,1054.3
2023-04-26,1055.5,1059.2,1050,1054.3
2023-04-27,1058.5,1064.5,1050.6,1058.6
2023-04-28,1058.6,1060.8,1000.1,1040.4
2023-05-02,1032.55,1049,1028,1046
2023-05-03,1048.3,1052.7,1021.35,1031.95
2023-05-04,1034.55,1060,1030,1057.5
2023-05-05,1060,1062,1035.15,1047.4
2023-05-08,1046,1055,1044.3,1050.7
2023-05-10,1050.7,1075,1050,1074.25
2023-05-11,1077.7,1079.3,1025.2,1043.95
2023-05-12,1044.5,1052.2,1034.1,1045.4
2023-05-15,1048.5,1056.6,1046.25,1051.05
2023-05-16,1052.6,1055,1045.2,1051.25
2023-05-17,1050,1051,1039,1044.8
2023-05-18,1044.7,1044.75,1028.05,1033.75
2023-05-19,1020,1027.8,985,1017.5
2023-05-22,1020.6,1026.5,993,995.4
2023-05-23,995.1,1020,984,1005.3
2023-05-24,1012.2,1019.75,1005.05,1012.8
2023-05-25,1015,1016.85,999,1005.4
2023-05-26,1007.1,1022.5,1005,1020.15
2023-05-29,1025,1099.6,1022,1077.3
2023-05-30,1064.8,1079.35,1040.2,1051.2
2023-05-31,1057.6,1077.75,1037.05,1059.4
2023-06-01,1060.05,1070.5,1053.9,1062.25
2023-06-02,1065.45,1069,1050.1,1055
2023-06-05,1060,1060,995,1018.2
2023-06-06,1018.5,1035.1,993.5,1028.75
2023-06-07,1027,1043.2,1020.05,1031.5
2023-06-08,1034,1036.9,1020.85,1033.7
2023-06-09,1033.8,1036.75,1026.1,1031.3
2023-06-13,1032,1040,1025,1035.8
2023-06-14,1037.25,1047,1030,1039.5
2023-06-15,1036.4,1048.5,1032,1045
2023-06-16,1047,1071.1,1042.05,1067.1
2023-06-19,1067.2,1075.4,1055.75,1064.9
2023-06-20,1064.9,1105.6,1060.35,1098
2023-06-21,1097.9,1138,1086.75,1127.3
2023-06-22,1126.8,1148,1110.9,1115.15
2023-06-23,1113,1117.5,1072.6,1084.55
2023-06-26,1115,1115,1047.4,1079.55
2023-06-27,1080.1,1097.6,1062,1087.6
2023-06-28,1087.4,1095,1069.05,1086.1
2023-06-29,1086.75,1095,1074,1079.8
2023-06-30,1082.5,1088.75,1072,1080.4
2023-07-03,1082.2,1089.9,1061.35,1071.7
2023-07-04,1074.7,1078.5,1066,1072
2023-07-05,1074.2,1093.25,1070.5,1084.7
2023-07-06,1088.2,1094.65,1072.55,1078
2023-07-07,1078,1083.1,1065,1071.25
2023-07-10,1074,1230.85,1073.05,1095.95
2023-07-11,1102.25,1104.5,1060,1075.6
2023-07-12,1075.55,1084.85,1065.1,1077.4
2023-07-13,1079.7,1082.7,1068.55,1072.8
2023-07-14,1072.8,1086.45,1065.4,1082.3
2023-07-17,1079.05,1118.75,1075,1115.2
2023-07-18,1118.2,1146.8,1116.1,1141.1
2023-07-19,1144.8,1153.05,1125.35,1143.8
2023-07-20,1147.3,1173.8,1135.5,1152.15
2023-07-21,1153.5,1168,1148.2,1154.6
2023-07-24,1152.5,1164.25,1146.6,1152.45
2023-07-25,1152.55,1168,1148.25,1164.3
2023-07-26,1166.15,1179.35,1147.5,1161.5
2023-07-27,1162.1,1174.7,1158.1,1165.95
2023-07-28,1165,1172.5,1159.55,1168.5
2023-07-31,1172.8,1192.5,1169.15,1189.2
2023-08-01,1192,1192.25,1173,1178.5
2023-08-02,1180,1188.55,1173.7,1179.95
2023-08-03,1181.9,1185,1172,1182.05
2023-08-04,1182.05,1186.95,1150,1162.25
2023-08-07,1164.2,1183.6,1160,1163.95
2023-08-08,1167.45,1167.45,1130.75,1150.45
2023-08-09,1151,1156.75,1142,1150.55
2023-08-10,1150.6,1172,1148,1169.75
2023-08-11,1169.65,1177.75,1165.8,1167.8
2023-08-14,1171.45,1182.5,1145.2,1147.1
2023-08-15,1147.1,1165.3,1130.8,1152.15
2023-08-16,1153,1160,1115,1126.85
2023-08-17,1131.8,1138.2,1115.6,1131.7
2023-08-18,1133.75,1162,1125.1,1158.8
2023-08-21,1160.5,1169.05,1140.25,1149.15
2023-08-22,1150,1150.95,1138.25,1142
2023-08-23,1143.5,1158.45,1131.35,1140.45
2023-08-24,1145,1151,1135.75,1146.8
2023-08-25,1143.5,1148.7,1140.45,1145.5
2023-08-28,1147.15,1180,1147,1174.8
2023-08-29,1178.6,1184.5,1155.5,1167.4
2023-08-30,1167.4,1171.95,1158.1,1167.05
2023-08-31,1167.05,1175,1163.2,1167.1
2023-09-01,1167.1,1199.1,1164.8,1182.4
2023-09-04,1190,1214.25,1186.1,1207.3
2023-09-05,1209,1215,1195.3,1203.7
2023-09-06,1203.4,1203.4,1183.1,1185.7
2023-09-07,1184,1189.05,1151.55,1165.35
2023-09-08,1165.35,1171.6,1127.75,1138.9
2023-09-11,1138,1162,1132.5,1139.55
2023-09-12,1140.55,1153.05,1133.65,1147.1
2023-09-13,1148.5,1158.3,1143.9,1148.85
2023-09-14,1145,1150,1120.1,1145.65
2023-09-15,1145,1165.85,1142,1159.35
2023-09-18,1165,1169,1147.6,1164.2
2023-09-19,1162,1167.55,1127.75,1135.2
2023-09-20,1135.5,1147.1,1112.55,1141.85
2023-09-21,1140.5,1146,1114.9,1116.1
2023-09-22,1118.5,1123.9,1083.8,1115.9
2023-09-25,1121.95,1123.5,1100,1103.2
2023-09-26,1102.6,1119.75,1087.95,1109.4
2023-09-27,1109.4,1135,1109.4,1122.3
2023-09-28,1119.7,1132.2,1114.2,1123.7
2023-09-29,1125.3,1160,1123.55,1141.8
2023-10-02,1146.75,1146.8,1117.7,1118.1
2023-10-03,1116.6,1143.3,1110.15,1139.6
2023-10-04,1137.45,1146.3,1134,1137
2023-10-05,1138.1,1142,1130,1136.25
2023-10-06,1137.1,1155,1136.25,1148.65
2023-10-09,1153.2,1169.8,1153.2,1162.7
2023-10-10,1161.95,1167.7,1147.5,1156.95
2023-10-11,1157.2,1177.95,1140.1,1145.7
2023-10-12,1142.5,1160,1142.5,1151.35
2023-10-13,1154.5,1175,1150.6,1168.6
2023-10-16,1172,1179.6,1165.4,1171.55
2023-10-17,1172.45,1190,1168,1184.95
2023-10-18,1185.05,1198.75,1181.8,1192.85
2023-10-19,1192.7,1199.9,1175,1188.75
2023-10-20,1190,1190.9,1177.5,1182.9
2023-10-23,1187.9,1187.9,1175.15,1179.7
2023-10-24,1180,1180.2,1163,1175.9
2023-10-25,1178.8,1187.4,1163.2,1175.6
2023-10-26,1180,1182.65,1155,1157.7
2023-10-27,1157.7,1180,1142.6,1172.6
2023-10-30,1173.6,1186.7,1164.1,1165
2023-10-31,1165,1165.6,1122.35,1132.3
2023-11-01,1132.3,1148.8,1132.3,1147.25
2023-11-02,1147.2,1149.8,1140,1140.05
2023-11-03,1140,1145.8,1130.1,1141.35
2023-11-06,1141.55,1147.55,1130,1136.35
2023-11-07,1139.8,1140,1130.1,1135.15
2023-11-08,1135.5,1139.65,1125.9,1129.45
2023-11-09,1128.7,1136,1120,1128.55
2023-11-10,1129.95,1129.95,1114.5,1117.9
2023-11-13,1117.8,1142.8,1117.5,1125.6
2023-11-14,1124,1134.85,1105.8,1130.85
2023-11-15,1132.65,1135,1121,1126.3
2023-11-16,1126.4,1134,1120,1120.7
2023-11-17,1120,1134.6,1117.1,1122
2023-11-20,1121.35,1126.95,1117.8,1120.9
2023-11-21,1125,1135,1120.75,1133.85
2023-11-22,1135.05,1147.25,1126.5,1131.3
2023-11-23,1134.9,1136,1123.75,1133.95
2023-11-24,1134.2,1135.75,1111,1120.5
2023-11-27,1124.45,1125.05,1100.15,1100.15
2023-11-28,1100.5,1124.6,1100.5,1119.5
2023-11-29,1123.2,1127.4,1101.65,1107.95
2023-11-30,1108.7,1111.45,1076.1,1079.8
2023-12-01,1080,1099.85,1060.1,1097.15
2023-12-04,1110,1118.6,1070.1,1071
2023-12-05,1071,1084,1070.05,1075.25
2023-12-06,1079.15,1085,1050.7,1055.15
2023-12-07,1058.35,1067.2,1050.7,1060.2
2023-12-08,1060.75,1076.95,1050,1050.8
2023-12-11,1051,1052.5,1005.05,1005.05
2023-12-12,1006.1,1009.9,982.5,997.6
2023-12-13,994.1,1014,991.4,1006.1
2023-12-14,1011.45,1019.5,988.5,988.5
2023-12-15,996.8,1026.95,990.6,1019.4
2023-12-18,1025.5,1030.85,1019,1024.25
2023-12-19,1024.45,1048.75,1024.45,1040.35
2023-12-20,1042.5,1063.5,1040.5,1062.65
2023-12-21,1063.5,1068,1045.2,1059.35
2023-12-22,1064.75,1072.5,1048.35,1055.55
2023-12-25,1062.95,1062.95,1045,1049.65
2023-12-26,1055,1070.4,1050,1061.3
2023-12-27,1064,1069.8,1060.1,1067
2023-12-28,1067.1,1078.5,1060.5,1061.95
2023-12-29,1062,1068.4,1053.15,1067.45
2024-01-03,1070,1092,1068.05,1083
2024-01-04,1090.45,1090.45,1076,1086.25
2024-01-05,1088,1088,1078.5,1080
2024-01-08,1085.5,1091.8,1072.65,1090
2024-01-09,1092.05,1101.9,1086.05,1089.85
2024-01-10,1089.9,1090.2,1080.65,1080.9
2024-01-11,1081.2,1088.6,1068.45,1085.15
2024-01-12,1087.8,1120.85,1086.8,1099.9
2024-01-15,1102.15,1110.35,1093,1104.9
2024-01-16,1105,1106.85,1095.55,1099.55
2024-01-17,1099.55,1104.4,1094.95,1096.6
2024-01-18,1096.6,1113.75,1096.6,1103.05
2024-01-19,1101.5,1113.7,1098.3,1100.3
2024-01-22,1104.95,1109.25,1099.5,1106.3
2024-01-23,1108.4,1108.45,1101.35,1105.2
2024-01-24,1103,1111,1093.5,1093.6
2024-01-25,1093.9,1100,1087.55,1095.15
2024-01-26,1095.55,1099.55,1094.7,1095.8
2024-01-29,1096,1102,1096,1098.1
2024-01-30,1098.5,1110,1094.85,1107.75
2024-01-31,1107.7,1144,1105.05,1141.3
2024-02-01,1142,1155,1125,1137.3
2024-02-02,1140,1147.7,1126,1129.5
2024-02-05,1129.5,1135.85,1126,1132
2024-02-06,1131,1133.5,1127,1131
2024-02-07,1131.5,1145.6,1131.2,1139
2024-02-08,1139,1142.05,1113.05,1115.2
2024-02-09,1115.2,1121,1106.6,1116.7
2024-02-12,1118,1118,1102.5,1111.1
2024-02-13,1110.2,1114,1106.7,1108
2024-02-14,1108,1110.8,1098.3,1099.9
2024-02-15,1102.9,1113.4,1091.3,1103.8
2024-02-16,1104,1109.85,1077.6,1084.6
2024-02-19,1085.1,1100.95,1081.1,1092.75
2024-02-20,1095.1,1108.65,1061,1073.55
2024-02-21,1070.45,1087.6,1064.85,1072.8
2024-02-22,1072.8,1084.35,1068.15,1077.4
2024-02-26,1089.9,1101.4,1086,1100.2
2024-02-27,1100.5,1108.7,1086.55,1090.45
2024-02-28,1090,1104.7,1089,1104.55
2024-02-29,1106.75,1119.5,1095.9,1101.4
2024-03-01,1101,1105.3,1089,1100.5
2024-03-04,1101.5,1159.8,1101.5,1159.2
2024-03-05,1159.2,1167.4,1136.1,1136.55
2024-03-06,1139.9,1182.95,1137.2,1175.2
2024-03-07,1178.6,1188.45,1160.1,1170.25
2024-03-11,1175.95,1189.95,1165.1,1174.15
2024-03-12,1170,1175.3,1155.5,1164.6
2024-03-13,1166.2,1193.55,1162.5,1187
2024-03-14,1186.9,1192.9,1171.3,1175.25
2024-03-15,1175.25,1187.6,1175,1176
2024-03-18,1178.65,1178.9,1157.25,1167.3
2024-03-19,1162.5,1173.3,1146.95,1153.4
2024-03-20,1156.9,1182.5,1137.15,1175.95
2024-03-21,1185,1193.6,1163.2,1166.6
2024-03-22,1166,1168.05,1125.35,1140.6
2024-03-25,1142.45,1151.9,1127.55,1148.1
2024-03-26,1152.75,1166.65,1146.55,1157.35
2024-03-27,1159.75,1162.85,1140,1152.3
2024-03-28,1156.5,1174.95,1147,1171.65
2024-03-29,1175,1204.75,1172.8,1198.5
2024-04-01,1215.5,1249.75,1210.35,1245
2024-04-02,1248.8,1300,1248.8,1300
2024-04-03,1308,1348,1300.25,1331.35
2024-04-04,1331.35,1333.45,1303.25,1310.5
2024-04-05,1300.15,1342,1275,1336.35
2024-04-08,1349.45,1372.9,1326.5,1345.5
2024-04-09,1348,1398.4,1343.3,1392
2024-04-10,1398.5,1398.6,1366.1,1371.05
2024-04-11,1371.05,1418,1371.05,1415.8
2024-04-12,1422,1483.15,1421.3,1456.25
2024-04-15,1461.25,1469.85,1424.1,1456.95
2024-04-16,1457.6,1460,1439.2,1446.9
2024-04-17,1446.3,1447.95,1413.05,1413.05
2024-04-18,1415,1429.8,1408,1423.5
2024-04-19,1429.6,1442.75,1417.3,1425.35
2024-04-22,1412,1413.45,1377.5,1386.1
2024-04-23,1370,1379.4,1350,1360
2024-04-24,1365,1368.8,1330.85,1331.1
2024-04-25,1335.95,1367.8,1331.1,1359.2
2024-04-26,1363.85,1388.25,1362.05,1378.45
2024-04-29,1371,1371,1351.15,1357.75
2024-04-30,1353,1354.05,1317.9,1322.6
2024-05-02,1332.5,1337.8,1318.7,1330.1
2024-05-03,1329.5,1332.75,1301.75,1320.25
2024-05-06,1326,1366.9,1325.1,1363.5
2024-05-07,1364.1,1364.7,1342,1351.5
2024-05-08,1354.45,1362,1344.55,1348.9
2024-05-10,1368,1405,1367.85,1391
2024-05-13,1386.9,1397,1374,1395
2024-05-14,1394.6,1394.6,1376.75,1390.5
2024-05-15,1390,1434,1390,1433.5
2024-05-16,1435.1,1438.8,1409.95,1417
2024-05-17,1422.2,1438,1405.5,1435.55
2024-05-20,1450.1,1475.25,1441.65,1449.8
2024-05-21,1440.5,1462.65,1423.2,1446.7
2024-05-22,1445,1453.5,1391.3,1391.55
2024-05-23,1385.2,1417.8,1366.2,1393.85
2024-05-24,1405.55,1412.3,1370.05,1377
2024-05-27,1389.3,1389.3,1318.95,1337.1
2024-05-28,1325,1362.2,1302,1308.5
2024-05-29,1310,1315,1243.5,1280.9
2024-05-30,1277.75,1293,1243.75,1256
2024-05-31,1264.5,1269,1203.4,1228
2024-06-03,1216.1,1267.1,1150.5,1255.65
2024-06-04,1260,1264.8,1206.05,1231.95
2024-06-05,1232.6,1265.5,1222.5,1246
2024-06-06,1255,1274,1243.1,1259.85
2024-06-07,1265,1271.7,1227,1236.75
2024-06-10,1236.7,1237.45,1200,1209.95
2024-06-11,1199.8,1228.9,1182,1205.25
2024-06-13,1171.2,1211.75,1110,1202.95
2024-06-14,1204.9,1235,1200.6,1233.15
2024-06-17,1232,1232.8,1206.05,1207.8
2024-06-18,1208,1218.05,1177,1186.15
2024-06-19,1195,1195,1116.3,1133.3
2024-06-20,1136,1192.95,1126.6,1189.8
2024-06-21,1190,1204.4,1167.8,1185.95
2024-06-24,1188.25,1198.95,1170,1172.2
2024-06-25,1172.2,1179.7,1154.8,1175.9
2024-06-26,1179,1190,1167.6,1189.2
2024-06-27,1189.3,1213.4,1178.9,1210.9
2024-06-28,1211.5,1224.7,1206.15,1209.8
2024-07-01,1212,1225.5,1195,1218.5
2024-07-02,1223.35,1248,1220.2,1247
2024-07-03,1255,1257.95,1229.05,1235.05
2024-07-04,1241.5,1247,1206.05,1214
2024-07-05,1214,1249.8,1210.2,1241.65
2024-07-08,1248,1256.75,1211.95,1220.75
2024-07-09,1223.1,1226.35,1175.9,1189
2024-07-10,1193.7,1194,1135,1140.85
2024-07-11,1139,1222.5,1137.35,1220.75
2024-07-12,1220,1234.5,1196.8,1230
2024-07-15,1229.5,1239.15,1190.7,1195.9
2024-07-16,1198.35,1268.35,1195,1253.95
2024-07-17,1260,1298.6,1246.8,1280.15
2024-07-18,1280.7,1302.8,1268.5,1274.55
2024-07-19,1269.75,1284.9,1255.1,1271.3
2024-07-22,1309.5,1309.5,1280,1290.8
2024-07-23,1289.8,1307.5,1280,1302.8
2024-07-24,1307.05,1309,1290.45,1295.95
2024-07-25,1289.95,1290,1271.1,1275.3
2024-07-26,1280.35,1292.75,1240,1260.55
2024-07-29,1260.55,1265.8,1224.35,1228.3
2024-07-30,1232.05,1274.4,1225,1272.5
2024-07-31,1275,1297.9,1262,1292.95
2024-08-01,1294.95,1305.3,1280,1285
2024-08-02,1290.1,1299.85,1250.1,1260.7
2024-08-05,1250,1252,1200.7,1229.7
2024-08-06,1235.05,1248.75,1225.4,1237.9
2024-08-07,1240.5,1242.9,1212.65,1232.6
2024-08-08,1238.9,1244.5,1226.7,1236.85
2024-08-09,1236.8,1245,1228.5,1230.5
2024-08-12,1232,1275,1217.05,1273.15
2024-08-13,1273.2,1291.4,1262.55,1283.25
2024-08-14,1285.9,1289.2,1247.6,1257.2
2024-08-15,1255,1266,1250,1259.15
2024-08-16,1259.1,1276.5,1250,1271.45
2024-08-19,1279.3,1288.15,1260.95,1270.3
2024-08-20,1271.6,1314.5,1265.6,1298.55
2024-08-21,1298.55,1308.95,1279,1298.7
2024-08-22,1298.1,1306.35,1236,1261.45
2024-08-23,1262.9,1286.6,1254.2,1274.5
2024-08-26,1314.5,1319.65,1285.35,1294.9
2024-08-27,1295,1313.95,1276.4,1295.25
2024-08-28,1285.4,1296.6,1250.5,1259.35
2024-08-29,1265.35,1273.9,1227.2,1248.45
2024-08-30,1248.45,1250.9,1191.9,1200
2024-09-02,1189,1203.4,1135.5,1153.9
2024-09-03,1153.9,1189.9,1135.15,1151.7
2024-09-04,1145,1199,1140.65,1190.3
2024-09-05,1199.5,1222.5,1186.5,1199.7
2024-09-06,1196,1220,1193,1209.95
2024-09-09,1210,1255,1204.7,1254.6
2024-09-10,1254.7,1266.3,1235.2,1248.1
2024-09-11,1252.8,1263.75,1238,1244.6
2024-09-12,1245,1269.95,1238.5,1265.7
2024-09-13,1270,1290,1246,1283.45
2024-09-16,1291,1329.8,1291,1327.3
2024-09-17,1327.75,1332,1305.3,1317.8
2024-09-18,1317.8,1328.4,1290.15,1304.85
2024-09-19,1311,1334.5,1310.45,1323.5
2024-09-20,1329,1353,1327.95,1351
2024-09-23,1361.2,1378,1351.4,1363
2024-09-24,1361,1376.5,1335.45,1374.75
2024-09-25,1376,1384.5,1341.55,1344.15
2024-09-26,1346.15,1374.55,1342.15,1352.8
2024-09-27,1352.8,1355,1331,1339.75
2024-09-30,1340.6,1351,1313.75,1318.95
2024-10-01,1320.9,1361.2,1312.05,1353.9
2024-10-02,1355.4,1369.2,1339,1341.95
2024-10-03,1342,1349,1326.45,1344.8
2024-10-04,1345.1,1353.9,1340,1342.3
2024-10-07,1341.5,1343,1328,1335.95
2024-10-08,1335.95,1351.55,1325.05,1328.85
2024-10-09,1328.85,1329.6,1297,1301.95
2024-10-10,1303.4,1309.95,1292.4,1302.85
2024-10-11,1303.6,1326.85,1303,1325.95
2024-10-14,1326,1336.8,1325.95,1332.8
2024-10-15,1334.35,1353.5,1325.05,1350.8
2024-10-16,1359.2,1370,1344.4,1351.3
2024-10-17,1355,1368.4,1347.45,1352.65
2024-10-18,1354.25,1369.9,1354.25,1364.1
2024-10-21,1373,1455.5,1373,1455.45
2024-10-22,1463.2,1482.6,1445.3,1460.2
2024-10-23,1463.35,1490,1436.8,1450
2024-10-24,1454,1482.5,1446.5,1481.5
2024-10-25,1485,1497.85,1441.2,1459.4
2024-10-28,1454.95,1468.4,1425.6,1436.5
2024-10-29,1441.15,1459,1417,1453.8
2024-10-30,1462,1486.45,1460.1,1479.95
2024-10-31,1468.6,1496.5,1463.9,1471.55
2024-11-01,1473,1517.6,1467,1516.4
2024-11-05,1525.2,1534,1517.4,1523.2
2024-11-06,1528.8,1548.95,1457,1471.85
2024-11-07,1471.85,1498.9,1441,1485
2024-11-08,1485.95,1490,1459.2,1474.6
2024-11-11,1462.65,1471.2,1420,1425.8
2024-11-12,1420.85,1447.7,1390,1437
2024-11-13,1444.5,1454.5,1411.45,1415.25
2024-11-14,1412,1422.35,1395.55,1414.35
2024-11-15,1417.35,1440,1414.6,1436.55
2024-11-18,1430.2,1468,1426.85,1457.1
2024-11-19,1465,1469.35,1435.25,1441.8
2024-11-20,1445,1461,1421.65,1440.9
2024-11-21,1448.35,1454.95,1425.25,1442.1
2024-11-22,1454.15,1485,1445,1476.2
2024-11-25,1468,1494.8,1445.15,1451.3
2024-11-26,1450,1450.05,1394,1418
2024-11-27,1418,1451.7,1390.05,1430.75
2024-11-28,1432.55,1439.3,1400.05,1420.35
2024-11-29,1426.6,1445,1410,1412.45
2024-12-02,1412.5,1450,1412.5,1443
2024-12-03,1449.5,1474,1438.35,1451.25
2024-12-04,1456.2,1460,1420.2,1426
2024-12-05,1430,1441.4,1421,1431.9
2024-12-06,1436.5,1443,1426.35,1432.3
2024-12-09,1440,1480,1436,1479.9
2024-12-10,1483.7,1489.85,1452,1477.7
2024-12-11,1479,1504.4,1468.7,1504.4
2024-12-12,1505.25,1515.9,1464.2,1477
2024-12-13,1361.2,1387.3,1352.75,1369.25
2024-12-16,1369,1383.1,1305,1307.4
2024-12-17,1310.1,1362,1310.1,1362
2024-12-18,1367,1406.8,1364.15,1382
2024-12-19,1381.5,1399.65,1321.55,1333.6
2024-12-20,1335.1,1371.8,1326.5,1360
2024-12-23,1383.4,1399.8,1369,1392.95
2024-12-24,1395,1405,1360.6,1371.9
2024-12-25,1373.5,1399,1360.55,1397.35
2024-12-26,1397.5,1413.8,1387,1400.1
2024-12-27,1400.1,1414,1398.25,1413.9
2024-12-30,1398.9,1404.45,1392.7,1398.1
2025-01-03,1405,1414,1401,1409.5
2025-01-06,1409.5,1411.8,1398.8,1407
2025-01-08,1409,1443,1407.05,1441
2025-01-09,1444.8,1457,1431.55,1453.3
2025-01-10,1457.5,1493,1455.05,1488.6
2025-01-13,1494,1508.55,1470.6,1490.3
2025-01-14,1491.4,1499.65,1480.4,1491.4
2025-01-15,1493.2,1509,1487,1508.4
2025-01-16,1509.9,1523.5,1505.45,1520.75
2025-01-17,1520.8,1529.5,1505.55,1516.35
2025-01-20,1521.7,1529.9,1485.6,1497.1
2025-01-21,1502.9,1583.55,1498,1580
2025-01-22,1580,1610,1565.05,1601
2025-01-23,1598.5,1647,1595.05,1646.55
2025-01-24,1650.5,1709.8,1650.5,1708
2025-01-27,1710.5,1743.8,1658,1690.2
2025-01-28,1695,1725,1665.2,1720.55
2025-01-29,1720,1725,1685,1701.7
2025-01-30,1703.6,1732.4,1696.5,1725
2025-01-31,1727.5,1737,1705.85,1717
2025-02-03,1713,1747.7,1655.2,1735.95
2025-02-04,1735.05,1777.1,1735,1767.8
2025-02-05,1770,1799.5,1770,1784.65
2025-02-06,1787.9,1797.7,1761.2,1772.95
2025-02-07,1774.95,1788,1752.55,1783
2025-02-10,1787.5,1806.6,1786.2,1797.35
2025-02-11,1797.75,1818,1786.25,1817.05
2025-02-12,1817.05,1900,1812,1888.25
2025-02-13,1891,1985.35,1891,1931.9
2025-02-14,1926.7,1969.5,1852.5,1870.95
2025-02-17,1881.55,1898,1805.5,1850
2025-02-18,1850,1883,1816.5,1871.7
2025-02-19,1874.85,1906.05,1871.4,1897.35
2025-02-20,1901.5,1933,1884.25,1900.9
2025-02-21,1901.1,1902.95,1860,1884.9
2025-02-24,1889,1895.95,1864.2,1871.7
2025-02-25,1865.65,1966.2,1860,1952.1
2025-02-26,1952.1,1980,1932.5,1956.25
2025-02-27,1956.25,1962.55,1902.3,1916.8
2025-02-28,1915.8,1935.3,1890,1931.3
2025-03-03,1936,1944.75,1888.5,1915.9
2025-03-04,1919.5,1980,1909.2,1970.25
2025-03-05,1975,1984.65,1941.2,1953.15
2025-03-06,1955.7,1987.5,1942.85,1955
2025-03-07,1945.1,1967,1907.45,1939.95
2025-03-10,1945,1960,1877.3,1887.1
2025-03-11,1887.1,1915.15,1861.25,1903.05
2025-03-12,1909.75,1912.5,1886.8,1902.15
2025-03-13,1903.6,1915,1845,1899.7
2025-03-14,1902.4,1941,1890,1933.3
2025-03-17,1944.4,1953.05,1925.55,1940.65
2025-03-18,1940.9,1953.8,1900,1900.1
2025-03-19,1909,1939.95,1890.05,1905.45
2025-03-20,1910,1914.2,1871.8,1903.95
2025-03-21,1906.1,1915.35,1894,1901.7
2025-03-27,1901.8,1971,1830,1867.6
2025-03-28,1869.2,1907.2,1854.4,1880
2025-03-29,1880.2,1889,1868.4,1870.4
2025-03-30,1870,1879,1845.6,1855.8
2025-03-31,1856,1911.8,1840,1863.6
2025-04-01,1868,1882.8,1755,1783
2025-04-02,1789,1819.6,1756,1811.4
2025-04-03,1818.8,1828.6,1692.4,1741.2
2025-04-04,1750,1800,1713,1741.2
2025-04-05,1725,1734.4,1675.4,1725
2025-04-06,1725,1745,1718.8,1743
2025-04-07,1742.6,1776.2,1665.8,1727.2
2025-04-08,1736,1828,1728.8,1776.8
2025-04-09,1787.6,1850,1762.2,1818.2
2025-04-10,1830.6,1850,1803,1850
2025-04-11,1863.8,1910,1863,1899.6
2025-04-12,1904.4,1940,1904,1935.2
2025-04-13,1935.2,1942,1908,1924.8
2025-04-14,1927,1943.4,1883.2,1897.8
2025-04-15,1905.4,1914.6,1883.4,1898
2025-04-16,1911,1950,1906.2,1950
2025-04-17,1952,1958,1903,1924.2
2025-04-18,1924,1928,1854.2,1917.2
2025-04-21,1929.4,1960,1922.4,1958
2025-04-22,1966.6,2003,1950.8,1954.2
2025-04-23,1948,1952,1890,1911
2025-04-24,1911.2,1943,1887,1904.8
2025-04-25,1856,1877,1829.4,1856.8
2025-04-26,1858,1870.8,1849.6,1849.8
2025-04-27,1850.2,1859.8,1849.4,1854.6
2025-04-28,1850,1854.8,1794.2,1816.6
2025-04-29,1804,1812.6,1756.4,1761.8
2025-04-30,1764,1765,1707.2,1751.4
2025-05-02,1751.4,1784,1700.8,1701.8
2025-05-03,1705.2,1734.6,1703,1719.4
2025-05-04,1724,1727.8,1717.2,1722.4
2025-05-05,1722.2,1756.6,1703.8,1744.6
2025-05-06,1752,1809.8,1750.2,1804.2
2025-05-07,1794.8,1803.8,1751,1763.4
2025-05-08,1772,1778,1738,1748.8
2025-05-10,1749.8,1755,1743,1745.4
2025-05-11,1747,1754.8,1742.2,1750
2025-05-12,1744.4,1763.8,1702.2,1736.6
2025-05-13,1736.8,1776.6,1731,1759.8
2025-05-14,1755,1757.6,1710.4,1712
2025-05-15,1708,1710,1667.2,1684.6
2025-05-16,1682.8,1699,1652.2,1663.4
2025-05-17,1666.8,1679.2,1665,1676.2
2025-05-18,1684,1685.4,1676.2,1680.6
2025-05-19,1681,1683.4,1651,1655.6
2025-05-20,1652.2,1715.6,1625.8,1705
2025-05-21,1706,1729.8,1688.4,1706
2025-05-22,1710.6,1718.6,1649.4,1669.8
2025-05-23,1671.4,1724.2,1660.4,1719.4
2025-05-26,1719.4,1738.6,1650.6,1663
2025-05-27,1663,1665,1617,1653.6
2025-05-28,1650,1692,1644.8,1688.8
2025-05-29,1690,1700,1673.2,1680.8
2025-05-30,1680,1695.6,1668.2,1687
2025-05-31,1686,1689,1682.4,1688.2
2025-06-01,1686.4,1692,1645,1649.6
2025-06-02,1652.8,1735,1650,1729.8
2025-06-03,1727.6,1754.4,1724.4,1739
2025-06-04,1741,1787.8,1728.8,1761.8
2025-06-05,1762,1833.8,1762,1823.8
2025-06-06,1824,1845.8,1731.6,1746.2
2025-06-07,1755,1766.4,1743,1746.8
2025-06-08,1757,1758.2,1740.4,1744.8
2025-06-09,1741,1754.6,1690.6,1711.8
2025-06-10,1713.2,1737.2,1685.4,1722.4
2025-06-11,1733.6,1759.8,1711.8,1734
2025-06-13,1757,1787.4,1743.2,1764.4
2025-06-14,1770,1773,1753.2,1765.4
2025-06-15,1765,1774,1748.2,1762.6
2025-06-16,1762.6,1773.8,1701.8,1757
2025-06-17,1757,1768,1725,1744.4
2025-06-18,1745,1755,1725,1732.8
2025-06-19,1733,1740,1703,1733
2025-06-20,1730.2,1738,1710.2,1715.4
2025-06-23,1729.4,1729.4,1701,1701.8
2025-06-24,1701,1719.4,1669,1717.8
2025-06-25,1719.6,1761,1710.4,1755.6
2025-06-26,1759,1799.2,1751.2,1790
2025-06-27,1768,1799,1756,1797.2
2025-06-28,1790.4,1812.4,1784.8,1796.2
2025-06-29,1796.2,1798.4,1784,1784.8
2025-06-30,1783.8,1831,1778,1817.4
2025-07-01,1819,1894.4,1813.2,1865
2025-07-02,1865.2,1889,1829.4,1867
2025-07-03,1858.4,1880,1839.4,1851.6
2025-07-04,1855.8,1916.8,1848,1908
2025-07-05,1908,1911.4,1901.2,1905
2025-07-06,1904.4,1906.8,1900.4,1903.6
2025-07-07,1897.8,1899.6,1866.2,1882
2025-07-08,1880.2,1888.6,1841,1845.2
2025-07-09,1840.2,1851.4,1802.4,1828.4
2025-07-10,1830,1877.2,1822.8,1860.8
2025-07-11,1863,1867,1777,1790
2025-07-12,1797.8,1798.8,1782.6,1784.2
2025-07-13,1785,1787,1771,1780
2025-07-14,1787,1838.4,1750.2,1837.6
2025-07-15,1839.6,1888,1835.8,1862
2025-07-16,1862,1900.8,1841,1884.4
2025-07-17,1884.2,1900,1872.2,1891
2025-07-18,1897.6,1948.2,1854,1873
2025-07-19,1880.2,1889.4,1870.4,1877.4
2025-07-20,1885,1888.8,1870,1877.8
2025-07-21,1877.8,1955,1875,1943.2
2025-07-22,1945,1973.6,1925.6,1970
2025-07-23,1964,1991.6,1960.6,1968.8
2025-07-24,1961,1983.2,1951.4,1973
2025-07-25,1970,1978,1907.4,1914.6
2025-07-26,1919,1939.2,1915.4,1926.6
2025-07-27,1926.6,1929.6,1916.2,1917.4
2025-07-28,1926.6,1956.4,1903,1931
2025-07-29,1936.8,2011,1929,1987
2025-07-30,1994.6,2007,1930,1930.8
2025-07-31,1938.2,1980,1934,1967.2
2025-08-01,1968,1985,1943,1966.4
2025-08-04,1966.6,2035,1958.2,2031.6
2025-08-05,2036.6,2063.8,2016,2048
2025-08-06,2046.2,2071.2,2022.6,2053.8
2025-08-07,2053.8,2085,2044,2079.4
2025-08-08,2084.8,2147,2073.8,2145
2025-08-11,2150,2248.2,2090,2108.4
2025-08-12,2116.6,2129.8,2045.2,2077
2025-08-13,2083.8,2120,2080.4,2097.4
2025-08-14,2107.8,2127.6,2080,2108
2025-08-15,2109,2132,2105.6,2116.2
2025-08-16,2104,2107,2068.2,2094.4
2025-08-17,2095,2098.8,2075.2,2081.2
2025-08-18,2081.2,2124.4,2081.2,2115.6
2025-08-19,2116.4,2166,2116.4,2137.8
2025-08-20,2136.2,2163.6,2126,2146.8
2025-08-21,2150,2181.8,2135.6,2147.4
2025-08-22,2148,2203.2,2144.8,2194
2025-08-23,2195,2215,2194.6,2211
2025-08-24,2215,2224,2206.8,2214.2
2025-08-25,2215,2233.2,2187,2198
2025-08-26,2205.4,2213.4,2176.2,2209.6
2025-08-27,2209.6,2219.4,2124.2,2143.8
2025-08-28,2145.2,2170,2125.2,2165
2025-08-29,2165,2166.6,2100,2138.2
2025-08-30,2138.2,2145.4,2123.2,2130.8
2025-08-31,2130.2,2136.6,2125,2135.8
2025-09-01,2145.4,2190,2141,2182.4
2025-09-02,2190,2228,2166.2,2223.8
2025-09-03,2225,2238.2,2204,2232.2
2025-09-04,2220.6,2232.8,2205.2,2219.4
2025-09-05,2222,2240,2215.8,2235.6
2025-09-06,2238.4,2240,2231,2234.4
2025-09-07,2237,2239.8,2232,2238.2
2025-09-08,2240,2290,2231.4,2280.8
2025-09-09,2281.2,2348.8,2281.2,2327.4
2025-09-10,2330,2344,2311.8,2336.4
2025-09-11,2330.2,2334.6,2310.8,2328.4
2025-09-12,2334.8,2367.2,2286.4,2312.8
2025-09-13,2318.4,2324,2298,2308.4
2025-09-14,2310.4,2322,2305.8,2315.2
2025-09-15,2318,2345,2267,2345
2025-09-16,2345,2360,2323.2,2340.2
2025-09-17,2340.2,2355,2295.8,2309.6
2025-09-18,2315.4,2320,2281.6,2296
2025-09-19,2299.8,2310,2285.2,2293.6
2025-09-22,2297.2,2340,2277,2328.6
2025-09-23,2330.2,2365,2306,2322.8
2025-09-24,2324,2334.6,2301.2,2309
2025-09-25,2310,2336.4,2303.6,2313
2025-09-26,2312,2325.8,2306,2320.2
2025-09-27,2326.8,2329,2320.4,2325.2
2025-09-28,2325.2,2331.6,2324,2328.4
2025-09-29,2333,2407.6,2333,2386.6
2025-09-30,2405,2439,2340,2362.4
2025-10-01,2367,2405,2344.2,2368.2
2025-10-02,2368,2378.8,2286.4,2317.2
2025-10-03,2317.4,2337,2295,2321.8
2025-10-04,2315.2,2329.8,2300,2309.8
2025-10-05,2309.8,2335.2,2305.4,2332
2025-10-06,2346,2382,2340,2377.4
2025-10-07,2382,2396,2363.8,2386
2025-10-08,2396,2411,2308.2,2352
2025-10-09,2352,2377.4,2300,2323
2025-10-10,2322.8,2322.8,2235.6,2292.4
2025-10-13,2270,2282.6,2205.8,2223.6
2025-10-14,2230.2,2255.2,2081.6,2128.2
2025-10-15,2140,2232.6,2094,2212.8
2025-10-16,2220,2340,2180,2340
2025-10-17,2360,2383.6,2185,2196.2
2025-10-18,2196.2,2224,2193.8,2213.4
2025-10-19,2214,2216.8,2180,2193.6
2025-10-20,2202.8,2208,2122.8,2186
2025-10-21,2186,2188.6,2039,2058.2
2025-10-22,2061.8,2095,2023,2043.8
2025-10-23,2035,2072,1990,2037.2
2025-10-24,2041,2094,2035,2043.2
2025-10-27,2041.6,2041.6,1951.2,1971
2025-10-28,1970.8,2006.8,1956,1980.6
2025-10-29,1980.6,2072,1980,2045.8
2025-10-30,2040,2097,2039.4,2094.6
2025-10-31,2094,2119.8,2041,2052.8
2025-11-01,2059.4,2073,2050.8,2062
2025-11-03,2068,2107,2063.2,2098.8
2025-11-05,2094.6,2122.6,2055.2,2087
2025-11-06,2088,2098,2070.2,2072.8
2025-11-07,2073,2100,2072.8,2084.8
2025-11-08,2086,2092.6,2077,2083.2
2025-11-09,2084.8,2089,2082.6,2087.2
2025-11-10,2098,2148.2,2096,2148
2025-11-11,2154,2179.8,2142.2,2153.8
2025-11-12,2151,2165.2,2119,2153.6
2025-11-13,2159,2205,2155.8,2167.8
2025-11-14,2178.2,2189,2113.4,2150.2
2025-11-15,2150.2,2156.8,2144.6,2151
2025-11-16,2155,2159.8,2143,2158.6
2025-11-17,2159,2164.6,2090,2095
2025-11-18,2087.8,2150,2066.2,2130.2
2025-11-19,2130,2189,2119.4,2145
2025-11-20,2145,2185,2131.2,2170.2
2025-11-21,2170.2,2177,2140,2161
2025-11-24,2161.2,2182.6,2112,2140
2025-11-25,2140.4,2149.8,2120.6,2133.6
2025-11-26,2143.2,2145.2,2110.2,2136.6
2025-11-27,2136,2138,2111,2111.2
2025-11-28,2116,2149,2112,2140.4
2025-11-29,2145.4,2147.6,2135,2139.8
2025-11-30,2140.4,2152.6,2136.6,2147.6
2025-12-01,2152.6,2163,2116.2,2144.8
2025-12-02,2145.2,2151,2121.4,2135
2025-12-03,2129.6,2143,2110.4,2128
2025-12-04,2131,2152,2119.4,2136.8
2025-12-05,2136.8,2192,2136,2168.6
2025-12-08,2168.6,2190,2133,2138
2025-12-09,2145,2179.4,2126.6,2168
2025-12-10,2170,2185,2166.8,2183.8
2025-12-11,2188.8,2268,2181,2255.6
2025-12-12,2259.6,2301.4,2222,2241.8
2025-12-13,2247.2,2258,2242.2,2254.8
2025-12-14,2254.8,2259.2,2246.2,2252.8
2025-12-15,2264,2295,2257.4,2294.2
2025-12-16,2294.2,2314.2,2280.2,2312.4
2025-12-17,2313,2315.8,2283.6,2310.2
2025-12-18,2309.6,2326,2281,2294.4
2025-12-19,2294.4,2315,2281.6,2304.8
2025-12-22,2294,2344.2,2266,2286.8
2025-12-23,2295.4,2346.4,2288,2328
2025-12-24,2330,2332,2305,2325.2
2025-12-25,2330,2333.6,2307.4,2324.6
2025-12-26,2328.6,2379,2324,2373.4
2025-12-27,2376.6,2425.8,2376.4,2417.4
2025-12-28,2417.4,2445,2417.4,2445
2025-12-29,2450,2464,2346,2372
2025-12-30,2377,2408,2370,2398.4
2026-01-05,2415,2443,2412,2438.8
2026-01-06,2442,2457.8,2430.4,2442
2026-01-08,2430.6,2439.8,2390.2,2408
2026-01-09,2412,2428.6,2396,2416.4
2026-01-12,2431.6,2580,2430,2547
2026-01-13,2547,2607.4,2527.2,2580
2026-01-14,2599,2629,2544.2,2593.2
2026-01-15,2565.4,2578,2539.2,2569.8
2026-01-16,2560,2589,2543,2561
2026-01-17,2561,2565,2556.2,2562
2026-01-18,2562.4,2573.6,2560.6,2573
2026-01-19,2601.4,2620,2596.4,2609
2026-01-20,2620,2649,2605.2,2649
2026-01-21,2660.6,2728.4,2640.8,2643
2026-01-22,2645.6,2702,2641,2696
2026-01-23,2703.2,2720,2673,2709
2026-01-24,2714,2721,2709,2719.8
2026-01-25,2721,2744.6,2720,2744.6
2026-01-26,2760,2776.8,2718.2,2737.4
2026-01-27,2744.8,2749.6,2661.4,2714.8
2026-01-28,2735.2,2764.8,2684,2738
2026-01-29,2763,2765,2620,2706
2026-01-30,2660,2678,2535,2601.2
2026-01-31,2580,2606.4,2578.6,2599.6
2026-02-01,2599,2600,2580.8,2599.4
2026-02-02,2559,2638.4,2506.2,2629.8
2026-02-03,2659,2694,2646,2690
2026-02-04,2700.6,2726,2645,2674.8
2026-02-05,2640,2666.8,2591,2601.6
2026-02-06,2601.8,2640,2595.8,2631.8
2026-02-07,2633,2639,2622,2626.2
2026-02-08,2626.2,2640,2621.4,2639.4
2026-02-09,2644,2683,2632.2,2677.8
2026-02-10,2666.4,2677.2,2643,2661.6
2026-02-11,2669,2694.8,2653,2676
2026-02-12,2677,2677.2,2569,2573.2
2026-02-13,2581,2594,2502,2533.8
2026-02-16,2528.4,2528.8,2452.8,2469
2026-02-17,2464.8,2464.8,2410.2,2421.6
2026-02-18,2427.2,2492.6,2424.2,2485.6
2026-02-19,2485.8,2545.8,2482,2499.6
2026-02-20,2505,2530,2480.4,2505
2026-02-21,2510,2518.8,2506,2512.2
2026-02-22,2513,2516.4,2505,2514.8
2026-02-23,2522,2533.8,2517.8,2531.6
2026-02-24,2532.6,2539,2484.4,2488
2026-02-25,2491,2516,2486.6,2511.4
2026-02-26,2512,2520.8,2468.6,2481
2026-02-27,2476.6,2514.6,2466,2505.4
2026-02-28,2513.6,2581.2,2510,2579.2
2026-03-01,2579.6,2581.2,2571.6,2581.2
2026-03-02,2588.4,2600,2500,2543
2026-03-03,2550,2552,2446,2476.4
2026-03-04,2485.6,2516,2468.2,2492.4
2026-03-05,2500,2508.4,2458.8,2475
2026-03-06,2477.4,2484,2415,2436.4
2026-03-09,2425,2425,2351,2402.2
2026-03-10,2405.8,2476.6,2404.4,2464.4
2026-03-11,2462.4,2471.2,2414.4,2431.6
2026-03-12,2424,2430.2,2404.8,2408.6
2026-03-13,2417,2442,2405.2,2421.2
2026-03-14,2421.8,2428.8,2416,2425
2026-03-15,2425,2430,2417.2,2426.8
2026-03-16,2431.8,2436.6,2383.2,2392.6
2026-03-17,2394.6,2406.2,2382.8,2386.2
2026-03-18,2387,2404.6,2320,2322.4
2026-03-19,2330,2344.6,2237,2283
2026-03-20,2299.6,2340.4,2278,2296
2026-03-23,2248.2,2303,2212.8,2283.6
2026-03-24,2265,2313.2,2261,2273
2026-03-25,2288.6,2300,2238.8,2251.4
2026-03-26,2251.4,2254,2213.2,2227.6
2026-03-27,2236,2243.8,2158.8,2165.6
2026-03-28,2165.6,2166.8,2145.4,2150.2
2026-03-29,2156.2,2181.4,2150,2175.6
2026-03-30,2184.4,2188.6,2115,2121
2026-03-31,2124.2,2141,2068.4,2115.4
2026-04-01,2120.8,2176,2105.6,2167.8
2026-04-02,2155.8,2155.8,2126.8,2130.8